x,AccuLevel,DetectorLoad,ModuleLoad,AccuControl,AccuTsat
-6.86,39.26,0.106,0.044,-10.393,-24.068
0.11,39.259,0.106,0.056,-10.308,-24.052
0.57,39.259,0.106,0.056,-10.303,-24.05
1.48,39.259,0.106,0.058,-10.294,-24.048
4.07,39.258,0.107,0.062,-10.27,-24.042
32.37,39.253,0.108,0.101,-9.432,-23.977
41.82,39.252,0.108,0.109,-6.92,-23.957
54.4,39.25,0.108,0.117,-6.311,-23.934
62.31,39.249,0.109,0.12,-7.627,-23.922
66.96,39.248,0.109,0.122,-8.062,-23.916
85.84,39.245,0.11,0.125,-6.844,-23.898
112.56,39.24,0.111,0.125,-7.947,-23.9
131.41,39.237,0.111,0.123,-9.203,-23.923
134.86,39.237,0.112,0.123,-9.127,-23.929
162.86,39.232,0.113,0.122,-8.099,-24.003
170.78,39.231,0.113,0.122,-8.239,-24.028
183.29,39.229,0.114,0.123,-8.783,-24.071
208.44,39.224,0.115,0.127,-7.603,-24.158
228.89,39.221,0.115,0.129,-6.842,-24.22
243.03,39.219,0.116,0.128,-8.022,-24.255
249.31,39.218,0.116,0.127,-8.44,-24.267
260.38,39.216,0.117,0.123,-9.151,-24.283
261.88,39.216,0.117,0.122,-9.239,-24.284
276.02,39.214,0.117,0.113,-9.886,-24.291
279.59,39.213,0.117,0.11,-10.048,-24.29
294.89,39.211,0.118,0.096,-9.962,-24.275
309.05,39.208,0.118,0.083,-7.907,-24.247
310.61,39.208,0.119,0.081,-9.239,-24.243
315.34,39.207,0.119,0.077,-7.145,-24.231
335.78,39.204,0.119,0.058,-7.716,-24.169
343.63,39.203,0.12,0.052,-8.782,-24.143
349.98,39.202,0.12,0.048,-8.989,-24.121
359.34,39.201,0.12,0.042,-9.01,-24.088
379.78,39.197,0.121,0.036,-8.971,-24.021
389.21,39.196,0.122,0.035,-9.771,-23.994
397.06,39.195,0.122,0.035,-10.988,-23.973
401.77,39.194,0.122,0.036,-12.168,-23.963
429.32,39.19,0.123,0.046,-12.186,-23.926
430.06,39.19,0.123,0.046,-12.168,-23.926
430.07,39.19,0.123,0.046,-11.559,-23.926
434.86,39.189,0.123,0.048,-11.176,-23.925
444.22,39.188,0.124,0.054,-10.683,-23.928
455.23,39.186,0.124,0.061,-9.846,-23.939
474.1,39.183,0.125,0.077,-9.047,-23.972
497.68,39.18,0.126,0.1,-8.742,-24.029
519.75,39.177,0.127,0.126,-8.974,-24.089
529.12,39.176,0.127,0.138,-9.198,-24.115
554.26,39.172,0.128,0.171,-9.959,-24.182
569.99,39.17,0.129,0.189,-9.198,-24.219
582.57,39.169,0.129,0.199,-8.551,-24.244
593.64,39.167,0.13,0.202,-8.977,-24.264
596.71,39.167,0.13,0.202,-9.045,-24.269
608.98,39.165,0.13,0.188,-8.936,-24.287
612.43,39.165,0.13,0.182,-9.007,-24.291
625,39.163,0.131,0.157,-9.958,-24.303
637.59,39.162,0.131,0.138,-8.969,-24.313
647.02,39.161,0.132,0.128,-8.207,-24.317
648.66,39.16,0.132,0.127,-8.243,-24.318
664.31,39.159,0.132,0.118,-9.082,-24.322
672.17,39.158,0.133,0.115,-9.729,-24.323
678.44,39.157,0.133,0.114,-10.719,-24.323
680,39.157,0.133,0.113,-12.317,-24.323
698.86,39.155,0.134,0.112,-13.23,-24.318
709.86,39.154,0.134,0.113,-14.105,-24.314
722.44,39.153,0.135,0.115,-13.306,-24.306
727.16,39.152,0.135,0.116,-12.659,-24.303
733.46,39.152,0.135,0.118,-11.517,-24.298
753.98,39.15,0.136,0.128,-10.823,-24.28
757.04,39.15,0.136,0.13,-10.528,-24.277
760.2,39.149,0.136,0.133,-8.739,-24.273
785.34,39.147,0.137,0.155,-10.071,-24.241
791.64,39.147,0.137,0.157,-9.576,-24.232
809,39.146,0.138,0.129,-9.595,-24.203
828.57,39.145,0.139,0.06,-9.671,-24.163
848.23,39.144,0.14,0.049,-9.537,-24.112
857.09,39.144,0.14,0.11,-9.008,-24.083
860.81,39.144,0.217,0.166,-8.015,-24.069
860.87,39.144,0.218,0.167,-8.013,-24.069
864.02,39.144,0.284,0.248,-8.108,-24.056
866.99,39.144,0.571,0.373,-8.326,-24.043
867.98,39.144,0.811,0.433,-8.412,-24.039
868.98,39.144,1.435,0.511,-8.506,-24.035
868.98,39.144,1.77,0.511,-8.506,-24.034
868.99,39.144,2.082,0.511,-8.506,-24.034
869.97,39.144,1.123,0.613,-8.604,-24.03
871.96,39.144,2.465,1.132,-8.825,-24.02
871.96,39.144,2.897,1.135,-8.826,-24.02
872.19,39.144,2.979,1.547,-8.853,-24.019
872.95,39.144,3.257,2.412,-8.95,-24.015
873.47,39.144,3.39,2.984,-9.021,-24.013
874.95,39.144,3.772,3.636,-9.27,-24.005
875.93,39.144,4.024,3.686,-9.97,-24
876.62,39.144,4.281,3.707,-10.011,-23.996
877.92,39.144,4.767,3.731,-10.064,-23.989
878.09,39.144,4.793,3.734,-10.07,-23.988
883.86,39.144,5.654,3.756,-10.22,-23.954
884.86,39.144,6.11,3.754,-10.242,-23.948
884.86,39.144,6.637,3.754,-10.242,-23.948
885.86,39.144,7.237,3.752,-10.263,-23.941
893.78,39.144,7.237,3.724,-10.417,-23.888
898.63,39.144,7.258,3.707,-10.504,-23.853
904.67,39.144,7.285,3.693,-10.61,-23.81
906.39,39.144,7.277,3.691,-10.64,-23.797
914.24,39.144,7.244,3.685,-10.564,-23.741
923.4,39.145,7.206,3.688,-10.251,-23.679
927.45,39.145,7.189,3.692,-10.116,-23.652
934.68,39.145,7.189,3.702,-9.841,-23.606
937.92,39.146,7.189,3.707,-9.661,-23.586
942.55,39.146,7.189,3.716,-9.574,-23.558
944.28,39.146,7.189,3.719,-9.675,-23.548
958.26,39.148,7.278,3.746,-10.678,-23.468
963.1,39.148,7.309,3.753,-11.039,-23.441
963.78,39.149,7.307,3.754,-11.091,-23.437
973.97,39.15,7.272,3.763,-12.048,-23.384
981.82,39.152,7.245,3.758,-13.57,-23.344
983.89,39.152,7.238,3.754,-13.915,-23.334
986.66,39.153,7.243,3.746,-14.3,-23.32
994.38,39.155,7.259,3.703,-15.244,-23.284
995.78,39.156,7.262,3.692,-15.411,-23.277
999.49,39.405,7.282,3.664,-15.859,-23.26
1004.69,39.159,7.31,3.658,-16.503,-23.237
1007.79,39.16,8.283,3.739,-16.904,-23.224
1010.64,39.161,9.18,3.946,-17.294,-23.212
1012.62,39.162,7.909,4.176,-17.584,-23.203
1012.62,39.162,8.173,4.176,-17.584,-23.203
1012.62,39.162,8.748,4.177,-17.585,-23.203
1012.63,39.162,9.923,4.178,-17.586,-23.203
1012.63,39.162,10.546,4.178,-17.587,-23.203
1012.64,39.162,11.313,4.179,-17.587,-23.203
1013.23,39.163,11.519,4.261,-17.679,-23.201
1014.63,39.163,12.009,4.479,-17.917,-23.195
1016.53,39.164,13.001,4.812,-18.31,-23.187
1016.59,39.164,13.032,4.822,-18.324,-23.187
1019.5,39.166,14.986,5.378,-19.164,-23.175
1021.26,39.167,16.16,5.916,-19.507,-23.168
1021.5,39.786,16.323,6.034,-19.544,-23.167
1024.41,39.169,18.276,7.4,-19.877,-23.156
1026.07,39.17,19.388,7.699,-20.006,-23.149
1027.66,39.846,21.633,7.974,-20.103,-23.143
1027.68,39.846,24.601,7.979,-20.104,-23.143
1027.69,39.846,26.428,7.981,-20.105,-23.143
1030.5,39.882,28.324,8.933,-20.229,-23.133
1030.71,39.885,28.465,9.074,-20.236,-23.132
1030.85,39.887,28.559,9.182,-20.241,-23.131
1030.87,39.887,30.805,9.195,-20.242,-23.131
1030.88,39.887,32.403,9.205,-20.242,-23.131
1033,39.92,33.197,13.222,-20.303,-23.123
1034.03,39.938,33.583,13.915,-20.327,-23.12
1038.15,40.033,33.593,14.713,-20.384,-23.105
1043.51,40.205,33.606,15.978,-20.378,-23.086
1048.77,40.293,33.62,17.024,-20.245,-23.069
1050.94,40.319,33.625,17.177,-20.115,-23.062
1058.81,40.405,33.645,17.277,-18.973,-23.038
1063.95,40.471,33.658,17.299,-19.093,-23.023
1077.66,40.734,33.692,17.326,-19.429,-22.986
1079.62,40.779,33.697,17.327,-19.319,-22.982
1084.38,40.89,33.705,17.331,-18.607,-22.971
1088.68,40.986,33.713,17.334,-18.173,-22.961
1093.09,41.08,33.72,17.336,-18.306,-22.952
1098.53,41.195,33.729,17.337,-18.842,-22.942
1104.39,41.325,33.739,17.338,-19.924,-22.932
1110.65,41.482,33.749,17.338,-23.006,-22.922
1112.69,41.537,33.753,17.338,-23.475,-22.919
1123.21,41.871,33.771,17.338,-25.213,-22.905
1125.21,41.953,33.774,17.337,-26.001,-22.903
1125.27,41.956,33.774,17.337,-26.036,-22.903
1129.48,42.268,33.775,17.337,-27.459,-22.898
1129.98,42.299,33.775,17.337,-27.539,-22.898
1147.28,43.06,33.781,17.333,-28.811,-22.884
1156.19,43.307,33.784,17.331,-28.981,-22.879
1164.57,43.479,33.787,17.329,-28.948,-22.876
1177.15,43.783,33.791,17.326,-28.665,-22.874
1192.36,44.156,33.796,17.322,-28.029,-22.875
1192.88,44.164,33.796,17.322,-28.001,-22.876
1204.95,44.283,33.8,17.319,-26.354,-22.879
1211.25,44.348,33.802,17.317,-24.147,-22.882
1211.74,44.355,33.802,17.317,-24.131,-22.882
1215.81,44.418,33.803,17.316,-24.073,-22.884
1233.75,44.697,33.8,17.311,-24.307,-22.897
1244.26,44.779,33.798,17.309,-24.451,-22.906
1252.13,44.824,33.797,17.307,-23.499,-22.914
1266.28,44.911,33.795,17.304,-22.32,-22.929
1268.34,44.926,33.794,17.303,-21.939,-22.932
1277.31,45.007,33.793,17.301,-19.275,-22.943
1282.74,45.066,33.792,17.3,-18.229,-22.95
1291.47,45.18,33.79,17.299,-17.029,-22.962
1296.64,45.269,33.79,17.298,-16.306,-22.969
1307.21,45.384,33.788,17.296,-15.012,-22.985
1310.78,45.383,33.787,17.295,-14.66,-22.99
1333.95,45.298,33.783,17.291,-12.767,-23.024
1342.22,45.307,33.782,17.29,-12.186,-23.035
1357.54,45.305,33.779,17.288,-11.358,-23.051
1367.37,45.308,33.777,17.286,-11.061,-23.059
1373.26,45.309,33.776,17.286,-10.711,-23.063
1379.56,45.311,33.775,17.285,-9.075,-23.066
1392.53,45.314,33.773,17.284,-8.259,-23.07
1398.43,45.316,33.772,17.283,-8.313,-23.071
1409.42,45.318,33.77,17.282,-9.493,-23.072
1426.73,45.323,33.767,17.281,-7.97,-23.071
1461.32,45.331,33.761,17.279,-7.323,-23.068
1475.47,45.334,33.759,17.279,-6.029,-23.066
1479.23,45.335,33.758,17.279,-5.844,-23.065
1494.34,45.338,33.761,17.278,-5.801,-23.064
1499.54,45.339,33.762,17.278,-5.991,-23.063
1513.2,45.342,33.765,17.278,-6.333,-23.062
1558.78,45.352,33.773,17.279,-6.295,-23.064
1577.19,45.356,33.777,17.28,-6.051,-23.068
1583.94,45.357,33.778,17.281,-5.8,-23.07
1602.81,45.361,33.781,17.282,-5.114,-23.077
1645.25,45.369,33.789,17.285,-5.647,-23.101
1667.25,45.373,33.794,17.286,-6.484,-23.117
1689.25,45.377,33.798,17.288,-7.244,-23.134
1708.11,45.38,33.801,17.29,-8.843,-23.149
1730.11,45.383,33.805,17.293,-9.68,-23.167
1750.56,45.386,33.809,17.295,-10.335,-23.182
1756.85,45.387,33.81,17.296,-10.381,-23.186
1758.4,45.387,33.811,17.296,-10.364,-23.187
1769.8,45.388,33.813,17.297,-9.788,-23.195
1778.84,45.389,33.814,17.298,-9.299,-23.2
1800.84,45.389,33.818,17.301,-9.983,-23.209
1813.41,45.388,33.821,17.303,-10.782,-23.213
1833.85,45.383,33.825,17.305,-10.326,-23.216
1855.85,45.379,33.829,17.309,-11.353,-23.216
1887.3,45.379,33.834,17.313,-10.629,-23.207
1918.74,45.38,33.84,17.318,-10.895,-23.19
1926.54,45.381,33.842,17.319,-10.937,-23.185
1951.74,45.383,33.846,17.323,-10.895,-23.165
1986.33,45.388,33.853,17.328,-11.123,-23.136
2010.31,45.391,33.857,17.332,-11.306,-23.115
2016.2,45.392,33.858,17.333,-11.427,-23.11
2027.84,45.393,33.86,17.335,-12.381,-23.101
2028.76,45.394,33.86,17.335,-12.569,-23.101
2033.46,45.394,33.859,17.336,-14.319,-23.097
2036.6,45.395,33.859,17.337,-15.194,-23.095
2060.18,45.398,33.855,17.341,-14.89,-23.079
2072.77,45.4,33.853,17.343,-13.862,-23.072
2074.36,45.401,33.852,17.343,-10.97,-23.071
2086.94,45.403,33.85,17.345,-10.893,-23.065
2121.52,45.408,33.845,17.352,-10.703,-23.058
2146.13,45.412,33.84,17.356,-10.419,-23.061
2146.68,45.412,33.84,17.356,-10.398,-23.062
2168.69,45.416,33.837,17.36,-9.903,-23.073
2185.97,45.419,33.834,17.363,-11.539,-23.087
2185.99,45.419,33.834,17.363,-9.37,-23.087
2217.42,45.425,33.829,17.369,-9.56,-23.122
2239.43,45.429,33.825,17.373,-9.674,-23.152
2272.44,45.435,33.819,17.379,-9.521,-23.2
2291.3,45.439,33.816,17.383,-9.635,-23.228
2296.01,45.44,33.815,17.384,-10.206,-23.234
2297.2,45.44,33.815,17.384,-10.489,-23.236
2303.87,45.441,33.816,17.385,-11.119,-23.245
2321.16,45.445,33.82,17.389,-11.652,-23.268
2325.86,45.446,33.821,17.39,-13.174,-23.274
2343.14,45.449,33.824,17.393,-14.696,-23.293
2350.75,45.45,33.825,17.394,-14.182,-23.301
2358.87,45.452,33.827,17.396,-12.984,-23.308
2366.74,45.454,33.828,17.398,-11.385,-23.314
2376.2,45.456,33.83,17.399,-8.645,-23.321
2410.77,45.463,33.836,17.406,-9.9,-23.34
2429.64,45.467,33.84,17.41,-9.101,-23.348
2446.92,45.47,33.843,17.413,-10.471,-23.354
2462.66,45.474,33.846,17.416,-8.682,-23.359
2487.81,45.479,33.85,17.421,-8.377,-23.367
2495.68,45.481,33.852,17.423,-7.083,-23.37
2514.53,45.485,33.855,17.427,-7.997,-23.377
2531.82,45.489,33.858,17.43,-8.643,-23.385
2552.26,45.493,33.862,17.434,-8.148,-23.396
2566.41,45.497,33.865,17.437,-8.985,-23.405
2574.48,45.499,33.866,17.439,-8.688,-23.411
2585.31,45.501,33.862,17.441,-8.215,-23.419
2588.42,45.502,33.861,17.441,-8.186,-23.422
2605.7,45.506,33.854,17.445,-9.67,-23.437
2619.84,45.509,33.848,17.448,-11.154,-23.451
2627.68,45.511,33.845,17.449,-13.285,-23.459
2638.7,45.514,33.841,17.451,-11.801,-23.471
2659.15,45.519,33.833,17.455,-9.707,-23.494
2668.59,45.521,33.829,17.457,-8.261,-23.505
2692.16,45.527,33.82,17.462,-9.288,-23.533
2709.45,45.532,33.813,17.466,-9.897,-23.554
2717.3,45.534,33.81,17.467,-10.696,-23.563
2739.32,45.54,33.801,17.471,-10.201,-23.587
2750.32,45.543,33.797,17.474,-9.326,-23.599
2762.9,45.547,33.792,17.476,-8.793,-23.611
2792.77,45.555,33.78,17.482,-8.755,-23.637
2810.17,45.561,33.773,17.485,-8.694,-23.648
2825.78,45.565,33.777,17.488,-8.754,-23.655
2834.85,45.568,33.779,17.49,-9.096,-23.658
2841.49,45.571,33.781,17.492,-9.629,-23.659
2857.21,45.576,33.785,17.495,-10.2,-23.659
2876.08,45.582,33.789,17.498,-9.21,-23.654
2887.09,45.587,33.792,17.5,-8.639,-23.649
2898.48,45.591,33.795,17.503,-9.7,-23.642
2904.37,45.593,33.796,17.504,-10.352,-23.637
2915.36,45.598,33.799,17.506,-12.064,-23.627
2916.92,45.599,33.799,17.506,-13.434,-23.626
2940.52,45.61,33.805,17.511,-11.341,-23.598
2951.53,45.615,33.808,17.513,-10.161,-23.581
2964.12,45.623,33.811,17.515,-8.296,-23.561
2977.08,45.744,33.814,17.518,-9.071,-23.537
2993.97,45.752,33.818,17.521,-10.084,-23.502
3014.17,45.75,33.823,17.524,-8.737,-23.454
3017.57,45.749,33.827,17.525,-8.486,-23.446
3029.49,45.748,33.838,17.527,-8.193,-23.414
3049.01,45.746,33.858,17.531,-8.219,-23.357
3076.12,45.745,33.884,17.536,-7.977,-23.265
3089.88,45.747,33.898,17.538,-8.104,-23.209
3115.03,45.749,33.923,17.543,-8.104,-23.086
3127.68,45.727,33.935,17.545,2.514,-23.01
3135.68,45.672,33.943,17.546,20.895,-22.956
3135.85,45.67,33.944,17.546,21.583,-22.955
3137.38,45.653,33.945,17.547,39.771,-22.944
3137.54,45.651,33.945,17.547,61.996,-22.942
3139.08,45.633,33.947,17.547,57.353,-22.931
3140.62,45.612,33.948,17.547,52.254,-22.92
3140.72,45.611,33.948,17.547,66.563,-22.919
3140.73,45.611,33.948,17.547,68.465,-22.919
3142.24,45.589,33.95,17.547,59.713,-22.908
3142.27,45.589,33.95,17.547,63.328,-22.907
3143.85,45.564,33.951,17.548,65.079,-22.895
3153.31,45.374,33.961,17.549,69.265,-22.817
3154.26,45.35,33.962,17.55,69.572,-22.809
3162.57,45.061,33.97,17.551,69.812,-22.731
3165.89,44.821,33.973,17.552,69.76,-22.698
3170.42,44.186,33.978,17.552,69.732,-22.65
3186.14,43.197,33.993,17.555,69.79,-22.464
3197.13,42.093,34.004,17.557,69.909,-22.311
3197.33,42.071,34.004,17.557,69.912,-22.308
3206.56,41.218,34.013,17.558,69.935,-22.162
3210.25,40.864,34.017,17.559,69.922,-22.098
3213.05,40.594,34.016,17.559,69.913,-22.048
3230.12,39.125,34.012,17.562,69.866,-21.696
3230.13,39.848,34.012,17.562,69.866,-21.696
3234.12,39.388,34.011,17.563,69.857,-21.599
3247.41,37.907,34.008,17.565,69.828,-21.231
3266.26,36.88,34.003,17.568,69.796,-20.615
3283.55,35.739,33.999,17.571,69.775,-20.036
3299.01,34.976,33.995,17.573,69.763,-19.545
3308.69,34.521,33.993,17.574,69.761,-19.251
3316.8,34.094,33.991,17.576,69.761,-19.01
3333.83,33.113,33.987,17.578,69.774,-18.519
3363.69,31.667,33.979,17.582,69.824,-17.691
3399.74,30.649,33.971,17.587,69.902,-16.748
3402.98,30.564,33.97,17.588,69.909,-16.667
3413.82,30.272,33.967,17.589,69.929,-16.402
3429.99,29.837,33.963,17.591,69.953,-16.029
3448.56,29.385,33.959,17.593,69.972,-15.635
3493.69,28.581,33.948,17.598,69.988,-14.71
3495.71,28.548,33.947,17.598,69.988,-14.664
3539.73,27.864,33.936,17.603,69.976,-13.587
3576.18,27.467,33.927,17.606,69.955,-12.576
3577.45,27.446,33.927,17.606,69.954,-12.539
3584.57,27.305,33.925,17.606,69.948,-12.326
3593.52,27.086,33.928,17.607,69.941,-12.051
3605.74,26.761,33.931,17.608,69.93,-11.657
3626.17,26.457,33.937,17.609,69.911,-10.96
3667.05,25.772,33.949,17.612,69.87,-9.524
3678.38,25.606,33.953,17.612,69.859,-9.15
3695.35,25.354,33.958,17.613,69.844,-8.627
3698.81,25.295,33.959,17.613,69.842,-8.525
3737.76,24.517,33.97,17.614,69.829,-7.47
3758.25,24.073,33.976,17.615,69.863,-6.974
3759.77,24.061,33.976,17.615,69.87,-6.939
3761.69,24.047,33.977,17.615,69.881,-6.895
3775.82,23.976,33.981,17.615,69.957,-6.587
3810.07,23.795,33.991,17.615,69.776,-5.92
3816.69,23.736,33.993,17.615,69.919,-5.794
3818.15,23.721,33.993,17.615,69.996,-5.765
3819.83,23.704,33.994,17.615,69.615,-5.733
3830.76,23.582,33.997,17.615,62.232,-5.521
3830.78,23.582,33.997,17.615,65.238,-5.521
3832.4,23.565,33.997,17.615,68.663,-5.489
3843.3,23.473,34.001,17.615,56.98,-5.28
3843.32,23.473,34.001,17.615,60.063,-5.28
3844.86,23.466,34.001,17.615,51.881,-5.251
3850.94,23.453,34.003,17.614,47.638,-5.136
3852.66,23.454,34.003,17.614,46.477,-5.104
3854.21,23.457,34.004,17.614,39.969,-5.076
3863.58,23.505,34.006,17.614,31.331,-4.905
3871.39,23.577,34.009,17.614,27.715,-4.767
3880.75,23.695,34.011,17.614,17.669,-4.609
3893.37,23.91,34.015,17.613,8.772,-4.408
3894.85,23.94,34.016,17.613,7.66,-4.386
3913.61,24.462,34.021,17.612,-7.372,-4.126
3917.97,24.625,34.022,17.612,-10.072,-4.073
3920.13,24.709,34.023,17.612,-11.286,-4.048
3927.23,24.995,34.025,17.612,-14.998,-3.972
3932.4,25.213,34.024,17.611,-17.799,-3.922
3937.06,25.42,34.024,17.611,-22.366,-3.881
3943.69,25.737,34.023,17.611,-25.289,-3.829
3946.46,25.881,34.022,17.611,-27.009,-3.81
3951.16,26.141,34.022,17.61,-32.223,-3.779
3965.71,26.993,34.02,17.609,-33.425,-3.706
3973.16,27.418,34.019,17.609,-33.63,-3.679
3992.02,28.444,34.016,17.607,-34.81,-3.632
3995.61,28.63,34.016,17.607,-35.168,-3.626
4004.58,29.076,34.014,17.606,-36.066,-3.614
4019.18,29.81,34.012,17.605,-37.147,-3.6
4026.58,30.22,34.011,17.604,-37.398,-3.595
4037.75,30.836,34.01,17.603,-36.839,-3.588
4040.71,30.992,34.009,17.603,-36.484,-3.587
4049.08,31.409,34.008,17.602,-35.933,-3.583
4054.89,31.676,34.007,17.601,-35.723,-3.58
4086.83,33.084,34.003,17.597,-34.562,-3.569
4092.63,33.377,34.002,17.597,-34.314,-3.567
4102.07,33.892,34.001,17.595,-33.363,-3.565
4116.2,34.658,33.999,17.593,-32.145,-3.563
4116.68,34.682,33.999,17.593,-32.126,-3.563
4144.51,35.82,33.995,17.589,-31.345,-3.561
4151.28,36.053,33.994,17.588,-30.948,-3.561
4164.98,36.501,33.992,17.586,-29.518,-3.562
4183.86,37.092,33.99,17.583,-27.273,-3.565
4198.45,37.537,33.988,17.58,-26.048,-3.569
4202.74,37.668,33.987,17.58,-25.75,-3.57
4227.85,38.425,33.984,17.575,-24.342,-3.579
4242.37,38.854,33.982,17.572,-24.016,-3.586
4250.03,39.076,33.981,17.571,-23.949,-3.59
4253.46,39.174,33.979,17.57,-23.929,-3.592
4254.6,39.207,33.979,17.57,-23.923,-3.593
4278.16,39.817,33.971,17.566,-23.428,-3.609
4292.35,40.091,33.966,17.563,-21.487,-3.62
4308.51,40.317,33.961,17.559,-20.227,-3.633
4325.36,40.484,33.955,17.556,-19.089,-3.649
4345.83,40.63,33.948,17.552,-17.034,-3.67
4367.86,40.74,33.94,17.547,-14.332,-3.694
4391.81,40.812,33.932,17.542,-12.428,-3.723
4394.58,40.817,33.931,17.542,-12.124,-3.727
4411.91,40.833,33.925,17.538,-9.916,-3.749
4454.35,40.797,33.91,17.53,-8.28,-3.807
4462.24,40.788,33.908,17.528,-6.377,-3.818
4466.95,40.783,33.906,17.527,-6.104,-3.825
4476.71,40.775,33.903,17.525,-5.775,-3.839
4489.12,40.768,33.899,17.523,-5.489,-3.858
4504.67,40.763,33.893,17.52,-5.196,-3.881
4537.72,40.761,33.882,17.515,-4.435,-3.929
4554.99,40.763,33.876,17.512,-3.445,-3.952
4573.87,40.767,33.869,17.509,-2.265,-3.977
4607.21,40.777,33.858,17.504,-1.701,-4.015
4608.46,40.777,33.858,17.504,-1.694,-4.017
4649.33,40.792,33.844,17.498,-1.732,-4.05
4656.07,40.795,33.841,17.497,-1.77,-4.054
4686.54,40.806,33.845,17.493,-1.863,-4.064
4691.75,40.807,33.846,17.493,-1.845,-4.065
4723.5,40.816,33.85,17.489,-1.628,-4.061
4742.06,40.818,33.852,17.486,-1.617,-4.055
4786.07,40.818,33.858,17.481,-2.606,-4.036
4826.94,40.817,33.864,17.476,-3.442,-4.024
4836.69,40.817,33.865,17.475,-3.163,-4.024
4859.99,40.818,33.868,17.472,-2.186,-4.029
4901.15,40.82,33.873,17.466,-1.482,-4.062
4927.57,40.821,33.877,17.463,-1.386,-4.105
4965.29,40.822,33.881,17.457,-2.718,-4.187
5018.72,40.822,33.888,17.447,-4.316,-4.314
5047.34,40.82,33.892,17.442,-3.725,-4.372
5058.13,40.818,33.894,17.439,-3.493,-4.389
5062.75,40.818,33.892,17.438,-3.44,-4.396
5105.76,40.811,33.882,17.428,-3.576,-4.422
5127.18,40.808,33.876,17.422,-3.629,-4.407
5166.51,40.808,33.866,17.408,-2.868,-4.337
5185.74,40.813,33.861,17.401,-2.952,-4.29
5202.96,40.821,33.857,17.393,-3.109,-4.246
5224.65,40.837,33.852,17.383,-3.171,-4.19
5237.24,40.849,33.848,17.376,-1.992,-4.159
5279.7,40.894,33.838,17.35,-2.714,-4.08
5305.39,40.923,33.831,17.333,-3.413,-4.058
5311.14,40.929,33.83,17.329,-3.437,-4.056
5358.62,40.975,33.818,17.295,-3.022,-4.084
5367.74,40.983,33.816,17.288,-2.942,-4.096
5422.55,41.017,33.802,17.259,-2.771,-4.198
5440,41.025,33.804,17.257,-2.827,-4.237
5496.69,41.043,33.812,17.284,-3.171,-4.363
5507.62,41.045,33.814,17.297,-3.168,-4.386
5524.98,41.048,33.816,17.321,-3.015,-4.418
5559.48,41.053,33.821,17.379,-2.711,-4.466
5566.08,41.054,33.822,17.391,-2.73,-4.473
5633.39,41.058,33.831,17.513,-3.243,-4.497
5700.97,41.063,33.84,17.592,-2.938,-4.438
5714.63,41.065,33.842,17.595,-2.945,-4.415
5743.28,41.069,33.846,17.575,-3.085,-4.359
5759.16,41.073,33.848,17.543,-3.128,-4.324
5798.85,41.088,33.854,17.403,-2.973,-4.239
5809.78,41.094,33.858,17.357,-2.919,-4.22
5828.28,41.109,33.866,17.288,-2.86,-4.193
5879.33,41.183,33.886,17.351,-2.93,-4.172
5890.83,41.207,33.89,17.457,-2.969,-4.179
5913.17,41.255,33.899,17.751,-3.05,-4.205
5923.62,41.276,33.903,17.899,-3.085,-4.221
5929.21,41.286,33.903,17.976,-3.103,-4.231
5983.94,41.356,33.904,17.991,-3.239,-4.359
6005.95,41.368,33.904,16.602,-3.163,-4.424
6007.67,41.369,33.904,16.355,-3.145,-4.43
6014.05,41.37,33.904,14.852,-3.075,-4.45
6018.75,41.37,27.739,11.89,-3.019,-4.466
6020.24,41.369,20.927,9.317,-2.999,-4.471
6021.92,41.369,31.963,6.464,-2.976,-4.477
6031.34,41.366,4.192,2.379,-2.814,-4.509
6032.67,41.365,0.262,2.147,-2.784,-4.514
6034.25,41.364,0.263,1.911,-2.744,-4.52
6045.23,41.352,0.27,0.876,-1.678,-4.56
6045.25,41.352,0.27,0.875,0.186,-4.56
6051.55,41.341,0.273,0.542,1.709,-4.584
6051.58,41.341,0.273,0.541,5.705,-4.584
6054.74,41.334,0.275,0.415,9.054,-4.596
6056.3,41.33,0.276,0.362,2.927,-4.602
6058.12,41.325,0.277,0.305,3.259,-4.609
6068.97,41.283,0.283,0.074,7.989,-4.653
6075.22,41.243,0.286,0.004,11.261,-4.679
6081.53,41.183,0.29,-0.032,14.458,-4.706
6084.69,41.139,0.292,-0.039,16.779,-4.72
6094.16,40.868,0.297,-0.028,21.346,-4.763
6095.85,40.793,0.298,-0.022,22.062,-4.77
6106.79,40.43,0.304,0.042,28.463,-4.821
6108.39,40.384,0.305,0.054,36.15,-4.829
6116.3,40.146,0.309,0.119,39.737,-4.867
6130.46,39.657,0.317,0.25,44.942,-4.938
6133.64,39.544,0.319,0.278,49.508,-4.954
6138.31,39.385,0.322,0.319,51.856,-4.978
6141.25,39.291,0.323,0.342,52.972,-4.993
6146.25,39.139,0.326,0.378,54.836,-5.019
6157.32,38.826,0.332,0.439,60.165,-5.076
6161.86,38.701,0.335,0.457,63.374,-5.1
6163.64,38.651,0.336,0.463,65.112,-5.109
6165.21,38.607,0.337,0.468,68.499,-5.117
6165.22,38.607,0.337,0.468,69.07,-5.117
6166.81,38.563,0.338,0.472,67.548,-5.125
6171.02,38.44,0.34,0.482,68.968,-5.147
6173.11,38.377,0.338,0.486,69.831,-5.157
6177.8,38.225,0.335,0.491,69.831,-5.181
6187,37.864,0.327,0.492,69.846,-5.225
6191.98,37.611,0.323,0.487,69.945,-5.248
6193.73,37.512,0.322,0.485,69.978,-5.256
6201.41,37.063,0.316,0.471,69.984,-5.289
6205.86,36.837,0.312,0.46,69.925,-5.307
6213.93,36.541,0.306,0.437,69.87,-5.335
6220.22,36.305,0.301,0.416,69.413,-5.355
6224.72,36.076,0.297,0.4,68.364,-5.366
6229.64,35.739,0.293,0.383,67.7,-5.377
6229.65,35.738,0.293,0.383,68.956,-5.377
6234.35,35.354,0.289,0.366,63.667,-5.384
6234.36,35.353,0.289,0.366,65.379,-5.384
6243.58,34.554,0.282,0.333,57.844,-5.392
6245.28,34.417,0.28,0.327,56.778,-5.392
6245.31,34.415,0.28,0.327,60.47,-5.392
6251.56,33.985,0.275,0.306,55.18,-5.389
6254.72,33.809,0.273,0.296,57.768,-5.386
6256.27,33.73,0.271,0.292,50.994,-5.384
6259.4,33.583,0.269,0.283,48.597,-5.379
6259.43,33.581,0.269,0.283,52.554,-5.379
6260.93,33.515,0.268,0.279,46.427,-5.376
6262.43,33.45,0.267,0.275,43.717,-5.372
6262.51,33.447,0.266,0.275,43.687,-5.372
6264.04,33.383,0.265,0.271,43.093,-5.368
6270.32,33.131,0.26,0.258,40.491,-5.348
6271.9,33.069,0.259,0.255,38.778,-5.342
6278.18,32.826,0.254,0.245,37.218,-5.315
6279.71,32.767,0.253,0.243,35.125,-5.307
6281.29,32.706,0.251,0.241,32.956,-5.299
6285.96,32.524,0.248,0.235,29.911,-5.272
6288.56,32.421,0.245,0.233,29.164,-5.255
6292.27,32.271,0.243,0.23,28.256,-5.229
6300.11,31.935,0.236,0.226,26.372,-5.169
6307.92,31.586,0.23,0.224,23.213,-5.102
6315.78,31.247,0.224,0.224,19.446,-5.03
6315.87,31.243,0.224,0.224,19.395,-5.029
6322.05,31.045,0.219,0.225,16.097,-4.971
6337.74,30.886,0.206,0.231,12.368,-4.824
6344.16,30.863,0.201,0.235,10.57,-4.765
6351.84,30.844,0.195,0.239,8.791,-4.697
6376.97,30.808,0.174,0.257,5.328,-4.498
6398.96,30.793,0.157,0.273,2.626,-4.359
6413.33,30.789,0.145,0.283,1.748,-4.287
6416.27,30.788,0.143,0.285,1.523,-4.274
6421.17,30.788,0.139,0.289,1.058,-4.253
6436.66,30.79,0.126,0.298,-0.989,-4.197
6441.39,30.791,0.122,0.301,-2.511,-4.182
6449.25,30.796,0.116,0.305,-3.476,-4.16
6450.84,30.797,0.115,0.306,-3.65,-4.156
6463.38,30.811,0.118,0.312,-4.985,-4.125
6474.35,30.831,0.12,0.317,-6.773,-4.103
6485.36,30.859,0.123,0.321,-9.475,-4.084
6487.2,30.865,0.124,0.322,-9.723,-4.081
6512.04,30.965,0.13,0.33,-11.948,-4.05
6538.79,31.125,0.136,0.336,-12.747,-4.032
6550.08,31.208,0.139,0.338,-12.61,-4.029
6574.93,31.408,0.145,0.341,-11.872,-4.028
6576.53,31.421,0.145,0.341,-11.148,-4.029
6607.97,31.641,0.152,0.343,-11.149,-4.043
6620.5,31.707,0.155,0.343,-11.186,-4.053
6628.69,31.742,0.157,0.343,-11.201,-4.062
6645.65,31.793,0.162,0.342,-11.072,-4.082
6677.1,31.844,0.169,0.339,-10.424,-4.132
6692.83,31.859,0.173,0.336,-9.32,-4.161
6707.01,31.87,0.176,0.333,-7.874,-4.189
6727.43,31.889,0.181,0.328,-7.455,-4.229
6732.45,31.895,0.182,0.326,-7.349,-4.238
6757.69,31.933,0.188,0.318,-6.547,-4.283
6758.87,31.935,0.189,0.317,-6.504,-4.285
6779.38,31.977,0.194,0.309,-5.771,-4.317
6784.07,31.988,0.195,0.307,-5.629,-4.324
6798.21,32.022,0.195,0.3,-5.323,-4.343
6833.06,32.124,0.195,0.279,-5.319,-4.388
6837.49,32.139,0.195,0.277,-5.323,-4.393
6873.67,32.262,0.196,0.252,-4.752,-4.436
6903.53,32.341,0.196,0.23,-3.61,-4.471
6910.07,32.354,0.196,0.225,-3.456,-4.478
6946,32.397,0.196,0.199,-3.152,-4.521
6947.34,32.399,0.196,0.198,-3.147,-4.523
7013.58,32.429,0.197,0.162,-3,-4.605
7024.81,32.431,0.197,0.16,-3,-4.617
7032.46,32.432,0.197,0.159,-3.001,-4.625
7038.75,32.433,0.203,0.159,-2.998,-4.631
7057.59,32.436,0.221,0.164,-2.885,-4.645
7092.18,32.442,0.253,0.189,-2.39,-4.649
7102.05,32.444,0.262,0.2,-2.779,-4.642
7107.9,32.446,0.267,0.208,-3.075,-4.635
7142.48,32.463,0.299,0.266,-3.379,-4.546
7150.57,32.47,0.307,0.283,-3.403,-4.513
7183.36,32.551,0.337,0.359,-3.492,-4.333
7191.88,32.613,0.345,0.379,-3.494,-4.278
7193.05,32.623,0.346,0.382,-3.492,-4.271
7195.96,32.648,0.349,0.389,-3.483,-4.252
7199.1,32.673,0.351,0.397,-3.465,-4.232
7200.62,32.683,0.353,0.401,-3.454,-4.223
