x,AccuLevel,DetectorLoad,AccuControl,Setpoint,AccuTsat
0.11,39.2595,0.107,-10.3071,,-24.051
0.57,39.2619,0.1096,-10.3,,-24.0473
1.48,39.2669,0.1147,-10.2859,,-24.04
4.08,39.2808,0.1292,-10.2469,,-24.0194
32.43,39.4336,0.2877,-9.2519,,-23.7964
41.9,39.4846,0.3407,-6.6875,,-23.7244
54.5,39.5525,0.4112,-6.0085,,-23.6316
67.09,39.6203,0.4815,-7.6891,,-23.5433
86,39.7222,0.5873,-6.366,,-23.4209
112.76,39.8664,0.7369,-7.3208,,-23.2737
131.65,39.9682,0.8426,-8.4715,,-23.1918
135.12,39.9868,0.8619,-8.3763,,-23.179
163.16,40.1379,1.0187,-7.1926,,-23.0968
183.63,40.2483,1.1332,-7.7637,,-23.0516
208.83,40.3841,1.2742,-6.4437,,-22.9984
229.31,40.4945,1.3887,-5.5686,,-22.9471
243.48,40.5709,1.4679,-6.6696,,-22.9028
249.78,40.6049,1.5031,-7.0532,,-22.8801
262.37,40.6728,1.5735,-7.7823,,-22.8275
276.54,40.7492,1.6528,-8.3504,,-22.7554
280.11,40.7685,1.6727,-8.4923,,-22.7347
295.44,40.8511,1.7584,-8.3214,,-22.6345
309.63,40.9277,1.8378,-6.1874,,-22.5277
311.19,40.9361,1.8465,-7.5106,,-22.5152
315.93,40.9617,1.873,-5.3912,,-22.4767
336.4,41.0722,1.9875,-5.8481,,-22.3011
344.27,41.1146,2.0315,-6.8699,,-22.231
360.01,41.1997,2.1195,-7.0106,,-22.0891
380.49,41.3102,2.234,-6.8587,,-21.9082
389.93,41.3612,2.2868,-7.6053,,-21.8283
397.8,41.4037,2.3308,-8.7793,,-21.7644
402.51,41.4292,2.3572,-9.9329,,-21.7275
430.12,41.5783,2.5115,-9.7976,,-21.5376
430.86,41.5824,2.5157,-9.7751,,-21.5332
430.87,41.5824,2.5157,-9.1662,,-21.5332
445.05,41.659,2.595,-8.212,,-21.4571
456.08,41.7187,2.6567,-7.3134,,-21.4068
474.98,41.8209,2.7624,-6.409,,-21.3343
498.61,41.9488,2.8945,-5.9731,,-21.26
530.1,42.1193,3.0707,-6.2546,,-21.1718
555.3,42.2558,3.2115,-6.8755,,-21.0983
571.05,42.3412,3.2996,-6.0267,,-21.0476
583.65,42.4096,3.3701,-5.3096,,-21.0035
597.82,42.4864,3.4494,-5.7255,,-20.9495
610.11,42.5531,3.5181,-5.5486,,-20.8986
613.57,42.5719,3.5374,-5.5999,,-20.8836
626.17,42.6403,3.6078,-6.4812,,-20.8263
638.77,42.7088,3.6783,-5.4216,,-20.7656
648.23,42.7602,3.7312,-4.6079,,-20.7179
665.54,42.8544,3.828,-5.3868,,-20.6266
673.41,42.8973,3.8721,-5.99,,-20.5835
679.71,42.9315,3.9072,-6.9444,,-20.5484
681.27,42.94,3.916,-8.5341,,-20.5396
700.16,43.043,4.0216,-9.3423,,-20.4304
711.18,43.1031,4.0832,-10.1563,,-20.3645
723.79,43.1718,4.1537,-9.287,,-20.2873
728.52,43.1977,4.1802,-8.6137,,-20.2578
734.82,43.2321,4.2154,-7.4369,,-20.218
758.45,43.3613,4.3476,-6.316,,-20.0649
761.62,43.3786,4.3653,-4.5098,,-20.0439
786.81,43.5166,4.5061,-5.7016,,-19.872
793.11,43.5511,4.5414,-5.1718,,-19.8277
830.11,43.7545,4.7483,-5.0611,,-19.5537
849.8,43.8631,4.8584,-4.8183,,-19.3931
858.68,43.9122,4.908,-4.2398,,-19.3147
862.42,43.9328,5.0062,-3.2258,,-19.2801
865.63,43.9506,5.0905,-3.3012,,-19.2494
868.61,43.9671,5.3948,-3.5025,,-19.2202
869.6,43.9726,5.6401,-3.5837,,-19.2102
870.6,43.9781,6.2689,-3.6714,,-19.2002
870.6,43.9781,6.6046,-3.6716,,-19.2001
870.6,43.9781,6.9163,-3.6718,,-19.2001
871.59,43.9836,5.9628,-3.7646,,-19.1901
873.58,43.9946,7.3164,-3.9743,,-19.1694
873.58,43.9946,7.748,-3.9747,,-19.1694
874.58,44.0001,8.1131,-4.0938,,-19.1589
876.58,44.0112,8.6396,-4.4029,,-19.1375
877.56,44.0167,8.8969,-5.0971,,-19.1269
879.55,44.0277,9.6511,-5.1796,,-19.105
879.72,44.0287,9.6783,-5.1846,,-19.1031
885.51,44.0608,10.5713,-5.3027,,-19.0368
886.5,44.0663,11.0324,-5.3189,,-19.025
886.51,44.0663,11.5598,-5.319,,-19.025
887.5,44.0719,12.1647,-5.3346,,-19.0131
895.44,44.116,12.2089,-5.4446,,-18.9156
906.35,44.1768,12.3175,-5.577,,-18.7768
908.07,44.1864,12.3199,-5.5977,,-18.7549
915.94,44.2304,12.3306,-5.4778,,-18.6553
925.12,44.2817,12.3431,-5.1139,,-18.5418
929.17,44.3045,12.3486,-4.9567,,-18.4927
936.42,44.3452,12.3889,-4.6408,,-18.4064
944.3,44.3896,12.4328,-4.3306,,-18.3146
946.04,44.3995,12.4425,-4.4218,,-18.2946
960.04,44.4788,12.6094,-5.3466,,-18.1365
964.89,44.5064,12.6672,-5.6815,,-18.083
965.57,44.5103,12.6686,-5.7296,,-18.0756
975.78,44.5688,12.6902,-6.6291,,-17.9651
983.64,44.6141,12.7068,-8.1076,,-17.8819
985.72,44.6261,12.7112,-8.4418,,-17.8601
996.23,44.6873,12.7908,-9.712,,-17.7518
997.63,44.6955,12.8014,-9.8714,,-17.7376
1001.35,44.9653,12.8421,-10.2982,,-17.7
1006.56,44.7482,12.8991,-10.9138,,-17.648
1012.52,44.7839,14.8022,-11.6713,,-17.5892
1014.5,44.7957,13.5426,-11.9502,,-17.57
1014.5,44.7957,13.8063,-11.9505,,-17.57
1014.51,44.7958,14.3817,-11.9511,,-17.5699
1014.51,44.7958,15.5565,-11.9524,,-17.5698
1014.52,44.7958,16.1798,-11.953,,-17.5698
1014.52,44.7959,16.947,-11.9539,,-17.5697
1015.11,44.7994,17.1553,-12.0426,,-17.564
1016.51,44.8079,17.6533,-12.2727,,-17.5504
1016.92,44.8104,20.5818,-12.3456,,-17.5465
1018.48,44.8198,18.6876,-12.6683,,-17.5315
1021.4,44.8376,21.645,-13.4918,,-17.5035
1023.24,44.8489,23.5092,-13.8381,,-17.4859
1023.4,45.4686,23.562,-13.861,,-17.4844
1027.98,44.8783,25.0959,-14.2978,,-17.4412
1029.57,45.5631,27.3501,-14.3857,,-17.4263
1029.59,45.5635,30.3186,-14.3868,,-17.4261
1029.6,45.5637,32.1453,-14.3874,,-17.426
1032.42,45.6147,34.0567,-14.496,,-17.3997
1032.77,45.6216,34.2941,-14.5062,,-17.3965
1032.78,45.6219,36.5395,-14.5067,,-17.3964
1032.79,45.6221,38.1379,-14.507,,-17.3962
1035.95,45.6905,39.3353,-14.5741,,-17.3671
1045.45,46.0099,39.4118,-14.5723,,-17.2811
1052.89,46.1655,39.4719,-14.268,,-17.2153
1060.77,46.2956,39.5354,-13.0824,,-17.1472
1065.92,46.3902,39.577,-13.1744,,-17.1037
1079.67,46.7298,39.6878,-13.434,,-16.991
1081.63,46.7854,39.7036,-13.3126,,-16.9755
1086.4,46.9228,39.7381,-12.5739,,-16.9379
1090.7,47.0428,39.7692,-12.1167,,-16.9046
1095.12,47.1613,39.8011,-12.2244,,-16.871
1100.58,47.3061,39.8406,-12.7307,,-16.8303
1106.44,47.4693,39.883,-13.7797,,-16.7876
1112.72,47.6607,39.9284,-16.8274,,-16.7429
1114.75,47.7275,39.9431,-17.2853,,-16.7286
1125.3,48.1198,40.0193,-18.9646,,-16.6565
1127.3,48.2131,40.0338,-19.7419,,-16.6431
1127.36,48.2162,40.0341,-19.7764,,-16.6427
1131.58,48.552,40.059,-21.175,,-16.6148
1132.08,48.585,40.0619,-21.2523,,-16.6115
1149.41,49.4426,40.1637,-22.4283,,-16.5013
1158.35,49.7397,40.2162,-22.5483,,-16.447
1166.74,49.9576,40.2655,-22.4693,,-16.3974
1179.34,50.3322,40.3396,-22.1158,,-16.3254
1194.58,50.7895,40.4291,-21.3954,,-16.242
1195.09,50.8004,40.4321,-21.3645,,-16.2393
1207.19,50.9867,40.5032,-19.6507,,-16.1758
1213.5,51.0866,40.5403,-17.4083,,-16.1436
1213.99,51.0958,40.5432,-17.3895,,-16.1411
1218.07,51.1823,40.5671,-17.3088,,-16.1206
1236.04,51.561,40.6639,-17.443,,-16.0331
1246.57,51.7012,40.7206,-17.5287,,-15.9838
1254.45,51.7902,40.763,-16.5335,,-15.9478
1268.64,51.9553,40.8393,-15.2748,,-15.8847
1270.69,51.9821,40.8504,-14.8826,,-15.8757
1279.68,52.1126,40.8988,-12.1689,,-15.8369
1285.12,52.2017,40.928,-11.0922,,-15.8138
1293.87,52.3644,40.9751,-9.8446,,-15.7772
1299.04,52.4824,41.003,-9.0923,,-15.7557
1309.64,52.6567,41.06,-7.7399,,-15.7124
1313.22,52.6754,41.0793,-7.3677,,-15.6978
1336.43,52.7188,41.2042,-5.3455,,-15.6029
1344.72,52.7746,41.2488,-4.719,,-15.5677
1360.06,52.8573,41.3314,-3.8059,,-15.4989
1369.92,52.9148,41.3844,-3.4543,,-15.4519
1375.81,52.9491,41.4162,-3.0713,,-15.4227
1382.12,52.9858,41.4501,-1.3998,,-15.3907
1395.12,53.0613,41.5201,-0.5117,,-15.3226
1401.03,53.0956,41.5519,-0.5335,,-15.2908
1412.04,53.1595,41.6112,-1.6519,,-15.2306
1429.38,53.26,41.7045,-0.0332,,-15.134
1464.03,53.4605,41.891,0.8065,,-14.9379
1478.22,53.5424,41.9673,2.1794,,-14.8574
1481.98,53.5642,41.9876,2.3849,,-14.836
1497.12,53.6516,42.0745,2.5129,,-14.7503
1516.01,53.7607,42.1829,2.0852,,-14.6439
1561.68,54.024,42.4451,2.3774,,-14.3919
1580.12,54.1301,42.5509,2.723,,-14.2933
1586.89,54.1691,42.5898,3.0123,,-14.2577
1605.79,54.2778,42.6983,3.8025,,-14.16
1648.31,54.5221,42.9423,3.5063,,-13.9481
1670.35,54.6485,43.0689,2.7917,,-13.8415
1692.39,54.7748,43.1954,2.1532,,-13.7363
1711.28,54.8828,43.3038,0.66,,-13.6467
1733.32,55.0085,43.4304,-0.0546,,-13.5419
1753.82,55.1251,43.548,-0.5958,,-13.4433
1760.12,55.1608,43.5842,-0.6075,,-13.4126
1761.67,55.1696,43.593,-0.582,,-13.4051
1773.09,55.2341,43.6586,0.0584,,-13.3488
1782.15,55.2851,43.7105,0.5976,,-13.3035
1804.19,55.4076,43.837,0.0352,,-13.1909
1816.79,55.4761,43.9092,-0.6939,,-13.1248
1837.26,55.5851,44.0267,-0.1233,,-13.0142
1859.3,55.704,44.1531,-1.0282,,-12.8909
1890.81,55.8782,44.3339,-0.1298,,-12.7072
1922.3,56.0548,44.5145,-0.221,,-12.5155
1930.12,56.0989,44.5594,-0.2194,,-12.4668
1955.38,56.2416,44.7043,-0.037,,-12.307
1990.02,56.4381,44.903,-0.0725,,-12.0851
2014.05,56.5748,45.0409,-0.1225,,-11.9313
2019.94,56.6084,45.0747,-0.2105,,-11.8938
2031.61,56.6749,45.1416,-1.0997,,-11.8198
2032.53,56.6801,45.1466,-1.2821,,-11.814
2037.25,56.707,45.1719,-3.0065,,-11.7843
2040.39,56.7249,45.1889,-3.8643,,-11.7645
2064.02,56.8597,45.3161,-3.4284,,-11.6175
2076.62,56.9316,45.384,-2.3307,,-11.5405
2078.22,56.9407,45.3926,0.5704,,-11.5308
2090.82,57.0127,45.4605,0.7166,,-11.4552
2125.47,57.2108,45.6471,1.0997,,-11.2551
2150.12,57.3519,45.7799,1.5209,,-11.1219
2150.67,57.355,45.7829,1.5444,,-11.119
2172.72,57.4813,45.9016,2.1618,,-11.008
2190.03,57.5805,45.9949,0.6217,,-10.9259
2190.05,57.5806,45.995,2.791,,-10.9258
2221.54,57.7612,46.1646,2.776,,-10.7858
2243.59,57.8876,46.2834,2.7845,,-10.6931
2276.67,58.0775,46.4615,3.1207,,-10.5579
2295.56,58.186,46.5633,3.1117,,-10.4806
2300.28,58.2131,46.5887,2.5671,,-10.4612
2301.47,58.22,46.5951,2.2913,,-10.4562
2308.15,58.2583,46.6335,1.6975,,-10.4284
2325.47,58.3579,46.7328,1.2611,,-10.355
2330.19,58.385,46.7598,-0.2349,,-10.3346
2347.5,58.4845,46.8592,-1.6608,,-10.2578
2355.12,58.5284,46.9029,-1.1045,,-10.2229
2363.26,58.5752,46.9496,0.1394,,-10.1849
2371.15,58.6206,46.9948,1.7816,,-10.1474
2380.62,58.6751,47.0491,4.5744,,-10.1016
2415.25,58.8745,47.2478,3.5112,,-9.9283
2434.16,58.9834,47.3563,4.4156,,-9.831
2451.47,59.0832,47.4556,3.1419,,-9.7409
2467.23,59.1741,47.546,5.0183,,-9.6586
2492.44,59.3195,47.6906,5.4629,,-9.5269
2500.32,59.365,47.7358,6.8007,,-9.4859
2519.21,59.474,47.8442,5.9925,,-9.3883
2536.53,59.5741,47.9436,5.4419,,-9.2998
2557.01,59.6924,48.061,6.0505,,-9.1971
2571.18,59.7743,48.1423,5.2921,,-9.1273
2579.27,59.8212,48.1887,5.6343,,-9.0881
2590.12,59.8839,48.2447,6.1676,,-9.0362
2593.23,59.9019,48.2607,6.214,,-9.0215
2610.54,60.0022,48.35,4.8262,,-8.9408
2624.71,60.0842,48.4231,3.4208,,-8.8762
2632.57,60.1298,48.4636,1.3333,,-8.8407
2643.6,60.1937,48.5205,2.8789,,-8.7914
2664.09,60.3126,48.6262,5.086,,-8.7008
2673.55,60.3675,48.675,6.5848,,-8.6593
2697.17,60.5047,48.7968,5.6887,,-8.5561
2714.49,60.6054,48.8861,5.1762,,-8.4802
2722.35,60.6512,48.9267,4.4208,,-8.4456
2744.41,60.7796,49.0405,5.0382,,-8.3478
2755.44,60.8439,49.0974,5.9749,,-8.2981
2768.04,60.9174,49.1624,6.5778,,-8.2407
2797.96,61.0922,49.3167,6.7823,,-8.0999
2815.39,61.1943,49.4066,6.9397,,-8.0144
2831.04,61.286,49.4973,6.9663,,-7.9346
2840.12,61.3394,49.55,6.6751,,-7.8869
2846.78,61.3785,49.5886,6.1786,,-7.8511
2862.52,61.4713,49.6799,5.6954,,-7.7638
2881.43,61.5829,49.7895,6.79,,-7.6541
2892.46,61.6482,49.8535,7.4222,,-7.5876
2903.87,61.716,49.9197,6.4251,,-7.5169
2909.77,61.7511,49.9539,5.806,,-7.4796
2920.78,61.8169,50.0177,4.1548,,-7.4084
2922.35,61.8262,50.0268,2.7934,,-7.3982
2945.99,61.9685,50.1639,5.0181,,-7.2387
2957.02,62.0355,50.2278,6.2592,,-7.1613
2969.63,62.1127,50.301,8.1941,,-7.0706
2982.62,62.3064,50.3763,7.491,,-6.9746
2999.54,62.4081,50.4744,6.5719,,-6.8456
3019.77,62.5183,50.5917,8.0311,,-6.6857
3023.18,62.5368,50.614,8.3018,,-6.6582
3035.12,62.6016,50.6921,8.6611,,-6.5602
3054.68,62.7082,50.82,8.7434,,-6.395
3081.84,62.8584,50.9976,9.1367,,-6.1514
3095.62,62.9368,51.0878,9.0854,,-6.0192
3120.82,63.0787,51.2526,9.2256,,-5.7559
3133.5,63.1271,51.3355,19.9139,,-5.6097
3141.5,63.1161,51.3879,38.3396,,-5.5113
3141.68,63.1153,51.389,39.0287,,-5.509
3143.21,63.1072,51.3991,57.2251,,-5.4896
3143.37,63.1062,51.4001,79.4509,,-5.4876
3144.92,63.0961,51.4102,74.8166,,-5.4678
3146.45,63.0843,51.4202,69.7256,,-5.4478
3146.56,63.0835,51.4209,84.0353,,-5.4465
3146.57,63.0834,51.421,85.9382,,-5.4463
3148.08,63.07,51.4309,77.1937,,-5.4265
3148.11,63.0698,51.4311,80.8092,,-5.4261
3149.7,63.0539,51.4414,82.5686,,-5.4051
3159.18,62.9165,51.5034,86.8075,,-5.2742
3160.12,62.8978,51.5096,87.1194,,-5.2606
3168.45,62.6553,51.5641,87.4066,,-5.1368
3171.78,62.4341,51.5859,87.3724,,-5.0851
3176.32,61.8238,51.6156,87.37,,-5.0123
3192.06,60.9219,51.7185,87.5154,,-4.7385
3203.08,59.8796,51.7906,87.6956,,-4.5242
3203.28,59.8582,51.7919,87.6999,,-4.5201
3212.52,59.0568,51.8523,87.774,,-4.3228
3216.21,58.7237,51.8765,87.7811,,-4.239
3219.03,58.4692,51.8914,87.7875,,-4.1731
3236.13,57.0951,51.9822,87.8359,,-3.7258
3236.13,57.8182,51.9822,87.8359,,-3.7257
3240.13,57.3802,52.0035,87.8488,,-3.6072
3253.44,55.9736,52.0741,87.8946,,-3.1652
3272.34,55.0512,52.1744,87.9672,,-2.4436
3289.65,54.0059,52.2663,88.042,,-1.7692
3305.15,53.3294,52.3486,88.1166,,-1.1915
3314.84,52.9282,52.4,88.1677,,-0.8436
3322.97,52.5467,52.4432,88.2136,,-0.5579
3340.03,51.6603,52.5337,88.3207,,0.0284
3369.94,50.3806,52.6925,88.5369,,1.0218
3409.31,49.496,52.9015,88.8402,,2.2643
3420.17,49.2644,52.9591,88.9207,,2.5898
3436.36,48.919,53.0451,89.0348,,3.0531
3454.97,48.5703,53.1439,89.1567,,3.5505
3500.18,48.0177,53.3839,89.4238,,4.7265
3502.21,47.9959,53.3946,89.4351,,4.7831
3546.3,47.5562,53.6287,89.6688,,6.1055
3582.83,47.3619,53.8226,89.8497,,7.3188
3584.1,47.3479,53.8293,89.8559,,7.3632
3591.24,47.2469,53.8672,89.8901,,7.6156
3600.2,47.0775,53.9196,89.9327,,7.941
3612.44,46.8206,53.9911,89.9901,,8.4028
3632.91,46.63,54.1107,90.0847,,9.2136
3673.86,46.1728,54.35,90.2711,,10.876
3685.22,46.0692,54.4164,90.3232,,11.3138
3702.2,45.9119,54.5156,90.4025,,11.9306
3705.67,45.8721,54.5359,90.4191,,12.0517
3744.72,45.3112,54.764,90.6236,,13.3246
3765.24,44.9809,54.8839,90.7711,,13.9338
3766.76,44.9772,54.8929,90.7863,,13.9774
3768.67,44.9746,54.904,90.8076,,14.0313
3782.84,44.9819,54.9868,90.9626,,14.4185
3817.16,44.9912,55.1873,90.972,,15.276
3823.79,44.9689,55.2261,91.1524,,15.4397
3825.25,44.9623,55.2346,91.2368,,15.4759
3826.94,44.9542,55.2445,90.8654,,15.5179
3837.91,44.8937,55.3086,83.5435,,15.7911
3837.93,44.8935,55.3087,86.5501,,15.7917
3839.53,44.8852,55.318,89.9841,,15.8314
3850.47,44.8545,55.382,78.3617,,16.1017
3850.49,44.8545,55.3821,81.4444,,16.1022
3852.01,44.8555,55.391,73.2707,,16.1394
3858.1,44.8765,55.4266,69.0727,,16.2876
3859.84,44.8876,55.4368,67.9103,,16.3296
3861.37,44.8991,55.4457,61.4111,,16.3663
3870.76,44.9992,55.5005,52.8246,,16.589
3878.61,45.115,55.5464,49.2529,,16.7706
3887.98,45.2853,55.6012,39.2582,,16.9812
3900.63,45.5698,55.6751,30.4143,,17.2521
3902.09,45.6075,55.6836,29.3279,,17.2823
3920.88,46.2346,55.7934,14.4002,,17.6465
3925.26,46.4224,55.819,11.7205,,17.7238
3927.41,46.518,55.8316,10.5222,,17.7606
3934.51,46.8424,55.8731,6.8545,,17.8764
3939.7,47.0894,55.9012,4.0775,,17.9552
3944.39,47.3229,55.9266,-0.4632,,18.0224
3951.04,47.677,55.9626,-3.3466,,18.111
3953.81,47.836,55.9776,-5.0537,,18.1458
3958.5,48.1204,56.003,-10.2413,,18.2018
3973.1,49.0556,56.082,-11.363,,18.3561
3980.54,49.5208,56.1223,-11.5268,,18.4247
3999.43,50.6523,56.2246,-12.6014,,18.5761
4003.03,50.8586,56.2441,-12.9392,,18.6022
4012.02,51.3539,56.2928,-13.7872,,18.6645
4026.66,52.1698,56.3721,-14.7884,,18.7599
4034.06,52.6197,56.4122,-14.9965,,18.8061
4045.26,53.2991,56.4729,-14.3763,,18.8748
4048.24,53.4723,56.489,-14.0043,,18.8929
4056.6,53.9347,56.5342,-13.4068,,18.9434
4062.42,54.2344,56.5658,-13.1643,,18.9783
4094.41,55.8196,56.739,-11.8264,,19.167
4100.22,56.1445,56.7705,-11.5458,,19.2008
4109.68,56.712,56.8217,-10.5418,,19.2554
4123.86,57.558,56.8985,-9.2451,,19.3364
4124.34,57.5845,56.9011,-9.2239,,19.3392
4152.22,58.8769,57.0521,-8.2882,,19.4956
4159,59.1473,57.0888,-7.8524,,19.5332
4172.7,59.6714,57.163,-6.3475,,19.6083
4191.62,60.3667,57.2655,-3.9969,,19.7105
4206.26,60.8945,57.3448,-2.6884,,19.7884
4210.53,61.0478,57.3679,-2.3694,,19.8109
4235.74,61.9458,57.5044,-0.8211,,19.9417
4250.26,62.4547,57.5831,-0.4145,,20.0154
4257.95,62.7199,57.6247,-0.3052,,20.0539
4261.39,62.8377,57.6426,-0.2659,,20.071
4262.51,62.8758,57.6485,-0.2535,,20.0766
4286.14,63.6178,57.7716,0.3727,,20.1921
4300.33,63.97,57.8455,2.3925,,20.2599
4316.52,64.2861,57.9299,3.7418,,20.336
4333.42,64.5469,58.0179,4.9742,,20.4141
4353.91,64.8071,58.1247,7.1432,,20.507
4375.97,65.0398,58.2397,9.968,,20.605
4399.99,65.2453,58.3648,12.0054,,20.7096
4402.76,65.2656,58.3792,12.3243,,20.7215
4420.1,65.377,58.4696,14.6281,,20.7956
4462.64,65.5775,58.6912,16.5011,,20.9737
4470.53,65.6127,58.7323,18.4478,,21.0062
4475.26,65.6343,58.757,18.7477,,21.0257
4485.04,65.6804,58.8079,19.1308,,21.0657
4513.06,65.8234,58.9539,19.8642,,21.1801
4546.13,66.0049,59.1262,20.8094,,21.3159
4563.47,66.1033,59.2165,21.8953,,21.3882
4582.37,66.2123,59.3151,23.1802,,21.4685
4615.75,66.4077,59.489,23.9297,,21.6157
4617.02,66.4152,59.4956,23.9439,,21.6214
4657.97,66.6574,59.709,24.1337,,21.8152
4664.72,66.6974,59.7441,24.1325,,21.8488
4695.26,66.8781,59.9177,24.2098,,22.0081
4700.49,66.9089,59.9474,24.2561,,22.0367
4732.3,67.0942,60.1282,24.65,,22.2172
4750.89,67.1998,60.2338,24.7648,,22.3267
4794.98,67.4443,60.4844,24.0207,,22.5904
4835.92,67.6708,60.7171,23.4112,,22.8292
4845.69,67.7251,60.7726,23.7451,,22.8838
4869.01,67.8552,60.9051,24.8512,,23.0088
4910.26,68.086,61.1395,25.7844,,23.2043
4936.73,68.2341,61.29,26.0272,,23.3086
4974.52,68.445,61.5047,24.9055,,23.4365
5028.06,68.7419,61.8089,23.605,,23.6062
5056.73,68.8993,61.9719,24.3544,,23.7077
5067.52,68.958,62.0332,24.6465,,23.7502
5072.16,68.9832,62.0578,24.7256,,23.7694
5115.25,69.2158,62.2863,24.829,,23.9825
5136.73,69.332,62.4001,24.8946,,24.1173
5176.11,69.5506,62.6089,25.8748,,24.406
5212.64,69.7668,62.8026,25.8363,,24.6998
5234.38,69.9035,62.9178,25.8946,,24.8763
5246.98,69.985,62.9846,27.1445,,24.9768
5289.5,70.2663,63.21,26.658,,25.2926
5315.26,70.438,63.3465,26.1025,,25.4577
5320.99,70.4761,63.377,26.1101,,25.4911
5368.56,70.7865,63.6291,26.7897,,25.7271
5377.69,70.8447,63.6775,26.9204,,25.7657
5432.62,71.184,63.9687,27.3963,,25.9692
5450.14,71.2891,64.0684,27.4376,,26.0277
5517.86,71.6855,64.4538,27.4719,,26.2548
5535.25,71.7853,64.5528,27.7218,,26.3193
5569.83,71.9819,64.7496,28.2177,,26.4629
5576.45,72.0193,64.7873,28.2357,,26.4928
5643.85,72.398,65.1709,28.0968,,26.8426
5711.57,72.779,65.5563,28.778,,27.2781
5725.25,72.8566,65.6341,28.8473,,27.3765
5769.84,73.1127,65.8879,28.912,,27.716
5809.63,73.3486,66.1143,29.2875,,28.0212
5820.56,73.4156,66.1793,29.4015,,28.1013
5839.14,73.5331,66.2898,29.5639,,28.2314
5890.26,73.8908,66.5939,29.7787,,28.5362
5924.18,74.1517,66.7956,29.8468,,28.6918
5934.64,74.2304,66.8578,29.8697,,28.7336
5940.25,74.2718,66.889,29.883,,28.755
5995.05,74.6463,67.1939,30.0509,,28.9316
6017.1,74.7809,67.3165,30.2496,,28.9883
6025.24,74.8276,67.3618,30.3827,,29.0074
6029.92,74.8535,61.2227,30.465,,29.0179
6031.45,74.8618,54.4191,30.4933,,29.0213
6033.1,74.8707,65.4647,30.5252,,29.0249
6043.9,74.9261,33.8238,30.7781,,29.0473
6045.45,74.9337,33.8333,30.826,,29.0504
6056.48,74.9833,33.9008,31.953,,29.0713
6056.5,74.9833,33.9008,33.8178,,29.0714
6062.81,75.0077,33.9394,35.3752,,29.0825
6062.84,75.0078,33.9396,39.3712,,29.0826
6066.01,75.0185,33.959,42.7379,,29.0879
6067.54,75.0232,33.9683,36.6193,,29.0905
6069.39,75.0284,33.9797,36.9693,,29.0935
6080.25,75.0462,34.0461,41.7611,,29.11
6086.5,75.0413,34.0842,45.0591,,29.1187
6092.82,75.016,34.1229,48.291,,29.1267
6095.99,74.99,34.1423,50.6301,,29.1305
6105.47,74.7725,34.2002,55.2496,,29.1408
6107.19,74.7059,34.2107,55.986,,29.1425
6118.12,74.4043,34.2776,62.4365,,29.1523
6119.75,74.3658,34.2875,70.133,,29.1536
6127.66,74.1729,34.3358,73.7533,,29.1593
6141.86,73.7611,34.4227,79.047,,29.1675
6145.05,73.6665,34.4421,83.6315,,29.169
6149.7,73.5344,34.4706,85.9945,,29.1711
6157.68,73.3316,34.5194,89.0297,,29.1743
6168.75,73.0812,34.587,94.4191,,29.1784
6173.32,72.9808,34.615,97.6785,,29.1801
6175.08,72.9418,34.6257,99.4017,,29.1809
6176.68,72.9062,34.6355,102.7976,,29.1815
6176.68,72.9061,34.6355,103.3685,,29.1815
6178.25,72.8708,34.6451,101.8549,,29.1822
6182.49,72.7712,34.671,103.3117,,29.1842
6184.56,72.72,34.6809,104.1734,,29.1853
6189.29,72.5936,34.7033,104.1997,,29.188
6198.51,72.2837,34.7471,104.2663,,29.1948
6203.46,72.0596,34.7707,104.3928,,29.1995
6205.25,71.9692,34.7791,104.4357,,29.2014
6212.91,71.5641,34.8155,104.4834,,29.2112
6217.4,71.3613,34.8368,104.4496,,29.2183
6225.51,71.1097,34.8754,104.4393,,29.2344
6231.81,70.9087,34.9053,104.0177,,29.2502
6236.29,70.7053,34.9266,102.9985,,29.2636
6241.25,70.394,34.9501,102.3576,,29.2806
6241.25,70.3933,34.9501,103.6136,,29.2807
6245.94,70.0376,34.9724,98.3498,,29.2991
6245.95,70.0366,34.9725,100.0624,,29.2992
6255.18,69.2881,35.0163,92.5938,,29.3429
6256.92,69.1589,35.0245,91.5227,,29.3523
6256.94,69.157,35.0246,95.2143,,29.3524
6263.2,68.7628,35.0544,89.9593,,29.3897
6266.37,68.6041,35.0694,92.5648,,29.4106
6267.9,68.5352,35.0767,85.7992,,29.4212
6271.03,68.4052,35.0916,83.4191,,29.4439
6271.06,68.4041,35.0917,87.3771,,29.4442
6272.59,68.3449,35.099,81.2586,,29.4558
6274.07,68.2896,35.106,78.5566,,29.4675
6274.15,68.2869,35.1064,78.5272,,29.468
6282,68.0138,35.1436,75.3741,,29.5353
6283.56,67.9616,35.1511,73.6703,,29.5499
6289.85,67.7542,35.1809,72.145,,29.6124
6291.41,67.7029,35.1883,70.0605,,29.6289
6292.97,67.6514,35.1957,67.9,,29.6458
6297.67,67.4946,35.2181,64.8817,,29.6992
6300.25,67.407,35.2303,64.1536,,29.73
6303.99,67.2763,35.2481,63.2591,,29.7765
6311.82,66.9852,35.2853,61.4212,,29.8805
6319.67,66.6781,35.3226,58.3062,,29.9912
6327.52,66.3831,35.3598,54.5823,,30.1062
6327.6,66.3802,35.3602,54.5311,,30.1074
6333.79,66.2164,35.3897,51.2682,,30.1997
6349.52,66.1446,35.4643,47.6262,,30.4348
6355.95,66.1573,35.4949,45.8673,,30.5293
6363.67,66.181,35.5315,44.1276,,30.6404
6388.84,66.285,35.6511,40.8045,,30.9788
6410.87,66.3925,35.7557,38.2251,,31.2399
6425.26,66.4679,35.824,37.4267,,31.3921
6428.18,66.4837,35.8379,37.2178,,31.4213
6433.12,66.5106,35.8614,36.7787,,31.4693
6448.64,66.5984,35.9351,34.8199,,31.6117
6453.35,66.6263,35.9575,33.3239,,31.6526
6462.82,66.6848,36.0025,32.2371,,31.732
6475.38,66.7687,36.0752,30.9728,,31.8322
6486.4,66.8497,36.139,29.2454,,31.9158
6497.4,66.9388,36.2027,26.6047,,31.9958
6499.27,66.9547,36.2135,26.3634,,32.0091
6524.16,67.1931,36.3577,24.2799,,32.1778
6550.92,67.5018,36.5127,23.6296,,32.3445
6562.26,67.6478,36.5784,23.8299,,32.4111
6587.15,67.9858,36.7226,24.7065,,32.5497
6588.73,68.0071,36.7317,25.4383,,32.5582
6620.26,68.4033,36.9143,25.6124,,32.7187
6632.83,68.5388,36.9871,25.6456,,32.7783
6641.01,68.6187,37.0345,25.6759,,32.8156
6658.03,68.765,37.1331,25.9,,32.8896
6689.53,68.991,37.3155,26.7223,,33.0145
6705.29,69.0931,37.4068,27.9136,,33.0726
6719.47,69.1833,37.489,29.4386,,33.1237
6739.95,69.3158,37.6076,29.9712,,33.1976
6744.96,69.3493,37.6366,30.1048,,33.2159
6770.26,69.5278,37.7831,31.0473,,33.3116
6771.46,69.5366,37.79,31.0979,,33.3163
6796.7,69.7293,37.9363,32.1128,,33.418
6810.84,69.8426,38.0149,32.4967,,33.4768
6845.75,70.1384,38.2092,32.6948,,33.626
6850.21,70.1778,38.234,32.7158,,33.6453
6886.44,70.5024,38.4355,33.4882,,33.8037
6916.37,70.7474,38.6021,34.7964,,33.9354
6922.92,70.7961,38.6386,34.9861,,33.9642
6958.89,71.0397,38.8387,35.4897,,34.1212
6960.25,71.0484,38.8463,35.5025,,34.1271
7026.61,71.447,39.2155,36.0187,,34.4134
7037.89,71.5119,39.2782,36.0811,,34.4636
7045.54,71.5557,39.3208,36.122,,34.4983
7070.71,71.6994,39.4838,36.3783,,34.6179
7105.36,71.8977,39.7082,37.0658,,34.8064
7115.25,71.955,39.7722,36.7316,,34.8687
7121.11,71.9891,39.8101,36.4684,,34.9082
7155.75,72.1985,40.0345,36.3567,,35.1891
7163.89,72.251,40.0872,36.3771,,35.2678
7196.7,72.5136,40.2997,36.4704,,35.6302
7205.26,72.623,40.3551,36.516,,35.7319
7206.41,72.6398,40.3625,36.5246,,35.7457
7212.48,72.7236,40.4018,36.5853,,35.8179
7214.02,72.7424,40.4119,36.6048,,35.8362

x,ModuleLoad
-6.87,0.0054
43.08,0.3382
93.06,0.6375
143.06,0.9157
193.06,1.1939
243.06,1.4721
293.04,1.7229
343.01,1.9586
393,2.2303
443,2.515
492.96,2.8377
542.92,3.1634
592.88,3.4927
642.8,3.706
692.79,3.9744
742.79,4.2526
792.79,4.5308
842.77,4.8325
872.02,5.3827
871.99,6.5903
875.02,7.8132
896.94,8.6876
946.94,8.9715
996.92,9.2819
1018.42,10.0903
1021.97,11.3139
1025.13,12.537
1028.76,13.762
1032.21,14.9849
1029.39,16.1755
1029.28,17.3811
1037.22,18.607
1040.85,19.8149
1044.63,21.0391
1049,22.267
1066.25,23.1834
1116.24,23.4794
1166.24,23.7731
1216.24,24.0573
1266.24,24.3414
1316.24,24.6255
1366.24,24.9096
1416.24,25.1937
1466.23,25.4778
1516.23,25.762
1566.23,26.0461
1616.23,26.3302
1666.23,26.6143
1716.23,26.8984
1766.23,27.1825
1816.23,27.4667
1866.23,27.7508
1916.23,28.0349
1966.23,28.319
2016.23,28.6031
2066.23,28.8872
2116.23,29.1714
2166.23,29.4555
2216.23,29.7396
2266.23,30.0237
2316.23,30.3078
2366.22,30.5919
2416.22,30.8761
2466.22,31.1602
2516.22,31.4443
2566.22,31.7284
2616.22,32.0125
2666.22,32.2966
2716.22,32.5808
2766.22,32.8649
2816.22,33.149
2866.22,33.4331
2916.22,33.7172
2966.22,34.0013
3016.22,34.2855
3066.22,34.5696
3116.22,34.8537
3166.22,35.1378
3216.22,35.4219
3266.21,35.706
3316.21,35.9902
3366.21,36.2743
3416.21,36.5565
3466.21,36.8312
3516.21,37.1059
3566.21,37.3806
3616.21,37.6553
3666.21,37.93
3716.21,38.2047
3766.21,38.4795
3816.21,38.7542
3866.21,39.0289
3916.21,39.3036
3966.21,39.5783
4016.21,39.853
4066.21,40.1277
4116.21,40.4024
4166.21,40.6771
4216.21,40.9518
4266.21,41.2265
4316.21,41.5013
4366.21,41.776
4416.21,42.0507
4466.21,42.3254
4516.21,42.6004
4566.21,42.876
4616.21,43.1515
4666.21,43.4271
4716.21,43.7026
4766.21,43.9782
4816.21,44.2537
4866.21,44.5293
4916.21,44.8049
4966.21,45.0804
5016.21,45.356
5066.21,45.6315
5116.21,45.9071
5166.21,46.1826
5216.21,46.4582
5266.21,46.7337
5316.21,47.0093
5366.21,47.2849
5416.21,47.5604
5466.21,47.836
5516.21,48.1115
5566.21,48.3871
5616.2,48.6626
5666.2,48.9382
5716.2,49.2137
5766.2,49.4893
5816.2,49.7649
5866.2,50.0404
5916.2,50.316
5966.2,50.593
6016.2,50.8712
6026.51,49.9003
6028.26,48.7033
6028.25,47.495
6027.83,46.2846
6027.11,45.0724
6026.65,43.8618
6026.64,42.6535
6026.63,41.4452
6025.5,40.2311
6024,39.0151
6024.49,37.8102
6026.1,36.6116
6027.7,35.4129
6033.86,34.2502
6064.17,33.8817
6114.15,34.1995
6164.12,34.5174
6214.11,34.8089
6264.11,35.0871
6314.11,35.3653
6364.11,35.6435
6414.11,35.9217
6464.11,36.1999
6514.11,36.4781
6564.11,36.7563
6614.11,37.0345
6664.11,37.3127
6714.11,37.5909
6764.11,37.8691
6814.11,38.1343
6864.09,38.3831
6914.08,38.632
6964.06,38.8808
7014.05,39.1296
7064.01,39.4032
7113.92,39.7532
7163.83,40.1033
