x,AccuLevel,DetectorLoad,ModuleLoad,AccuControl,Setpoint,AccuTsat
-6.86,39.26,0.106,0.044,-10.393,,-23.361
0.12,39.259,0.106,0.056,-10.308,,-23.357
0.57,39.259,0.106,0.056,-10.303,,-23.357
1.48,39.259,0.106,0.058,-10.294,,-23.356
4.07,39.258,0.107,0.062,-10.27,,-23.354
32.37,39.253,0.108,0.101,-9.432,,-23.336
41.82,39.252,0.108,0.109,-6.92,,-23.331
54.4,39.25,0.108,0.117,-6.311,,-23.324
62.31,39.249,0.109,0.12,-7.627,,-23.319
66.96,39.248,0.109,0.122,-8.062,,-23.317
85.84,39.245,0.11,0.125,-6.844,,-23.308
112.56,39.24,0.111,0.125,-7.947,,-23.299
131.41,39.237,0.111,0.123,-9.203,,-23.295
136.12,39.236,0.112,0.123,-9.087,,-23.295
162.86,39.232,0.113,0.122,-8.099,,-23.295
170.77,39.231,0.113,0.122,-8.239,,-23.295
183.29,39.229,0.114,0.123,-8.783,,-23.297
208.44,39.224,0.115,0.127,-7.603,,-23.302
228.89,39.221,0.115,0.129,-6.842,,-23.308
243.03,39.219,0.116,0.128,-8.022,,-23.312
249.31,39.218,0.116,0.127,-8.44,,-23.314
260.38,39.216,0.117,0.123,-9.151,,-23.317
261.88,39.216,0.117,0.122,-9.239,,-23.318
276.02,39.214,0.117,0.113,-9.886,,-23.322
280.85,39.213,0.117,0.109,-10.099,,-23.324
294.89,39.211,0.118,0.096,-9.962,,-23.328
309.05,39.208,0.118,0.083,-7.907,,-23.331
310.61,39.208,0.119,0.081,-9.239,,-23.332
315.34,39.207,0.119,0.077,-7.145,,-23.333
335.78,39.204,0.12,0.058,-7.716,,-23.337
343.63,39.203,0.12,0.052,-8.782,,-23.339
349.98,39.202,0.12,0.048,-8.988,,-23.34
359.34,39.201,0.12,0.042,-9.01,,-23.342
379.78,39.197,0.121,0.036,-8.971,,-23.346
389.21,39.196,0.122,0.035,-9.771,,-23.347
397.06,39.195,0.122,0.036,-10.988,,-23.348
401.77,39.194,0.122,0.036,-12.168,,-23.349
430.06,39.19,0.123,0.046,-12.168,,-23.352
430.07,39.19,0.123,0.046,-11.559,,-23.352
430.57,39.19,0.123,0.046,-12.152,,-23.352
434.86,39.189,0.123,0.048,-11.176,,-23.353
444.22,39.188,0.124,0.054,-10.683,,-23.353
455.23,39.186,0.124,0.061,-9.846,,-23.354
474.1,39.183,0.125,0.077,-9.046,,-23.355
497.68,39.18,0.126,0.1,-8.742,,-23.355
519.75,39.177,0.127,0.126,-8.974,,-23.353
529.12,39.176,0.127,0.138,-9.198,,-23.352
554.26,39.172,0.128,0.171,-9.959,,-23.346
569.99,39.17,0.129,0.189,-9.198,,-23.341
582.57,39.169,0.129,0.2,-8.551,,-23.336
593.64,39.167,0.13,0.202,-8.977,,-23.331
596.71,39.167,0.13,0.202,-9.045,,-23.329
611.48,39.165,0.13,0.183,-8.973,,-23.32
612.43,39.165,0.13,0.182,-9.007,,-23.319
625,39.163,0.131,0.157,-9.958,,-23.31
637.59,39.162,0.131,0.138,-8.969,,-23.3
647.02,39.161,0.132,0.128,-8.207,,-23.292
648.66,39.161,0.132,0.127,-8.243,,-23.29
664.31,39.159,0.132,0.118,-9.082,,-23.275
672.17,39.158,0.133,0.115,-9.729,,-23.267
678.44,39.157,0.133,0.114,-10.719,,-23.261
680,39.157,0.133,0.113,-12.317,,-23.259
698.86,39.155,0.134,0.112,-13.23,,-23.24
709.86,39.154,0.134,0.113,-14.105,,-23.229
722.44,39.153,0.135,0.115,-13.306,,-23.216
727.16,39.152,0.135,0.116,-12.659,,-23.211
733.46,39.152,0.135,0.118,-11.517,,-23.205
753.97,39.15,0.136,0.128,-10.823,,-23.187
757.04,39.15,0.136,0.13,-10.528,,-23.184
760.2,39.149,0.136,0.133,-8.739,,-23.182
782.41,39.148,0.137,0.153,-9.878,,-23.167
785.34,39.148,0.137,0.155,-10.071,,-23.165
791.63,39.147,0.137,0.157,-9.576,,-23.163
809,39.146,0.138,0.129,-9.595,,-23.157
848.22,39.144,0.14,0.05,-9.537,,-23.154
857.09,39.144,0.14,0.11,-9.007,,-23.154
860.81,39.144,0.217,0.166,-8.015,,-23.154
860.87,39.144,0.218,0.167,-8.013,,-23.154
864.02,39.144,0.284,0.248,-8.108,,-23.154
866.99,39.144,0.571,0.373,-8.326,,-23.154
867.98,39.144,0.811,0.433,-8.412,,-23.154
868.98,39.144,1.435,0.511,-8.506,,-23.154
868.98,39.144,1.77,0.511,-8.506,,-23.154
868.98,39.144,2.082,0.511,-8.506,,-23.154
869.97,39.144,1.123,0.613,-8.604,,-23.154
871.96,39.144,2.466,1.132,-8.825,,-23.154
871.96,39.144,2.897,1.135,-8.826,,-23.154
872.18,39.144,2.979,1.547,-8.853,,-23.154
872.95,39.144,3.257,2.412,-8.95,,-23.154
873.47,39.144,3.39,2.984,-9.021,,-23.154
874.95,39.144,3.772,3.636,-9.27,,-23.154
875.93,39.144,4.024,3.686,-9.97,,-23.154
876.62,39.144,4.281,3.707,-10.011,,-23.153
877.92,39.144,4.767,3.731,-10.064,,-23.153
878.09,39.144,4.793,3.734,-10.07,,-23.153
883.86,39.144,5.654,3.756,-10.22,,-23.153
884.85,39.144,6.11,3.754,-10.242,,-23.153
884.86,39.144,6.637,3.754,-10.242,,-23.153
885.85,39.144,7.237,3.752,-10.263,,-23.152
893.78,39.144,7.237,3.724,-10.417,,-23.151
898.63,39.144,7.258,3.707,-10.504,,-23.15
904.67,39.144,7.285,3.693,-10.61,,-23.148
906.38,39.144,7.277,3.691,-10.64,,-23.147
914.24,39.144,7.244,3.685,-10.564,,-23.144
927.45,39.145,7.189,3.692,-10.116,,-23.136
928.39,39.145,7.189,3.693,-10.084,,-23.135
934.68,39.145,7.189,3.702,-9.841,,-23.13
937.92,39.146,7.189,3.707,-9.661,,-23.127
942.54,39.146,7.189,3.716,-9.574,,-23.123
944.28,39.146,7.189,3.719,-9.675,,-23.121
958.26,39.148,7.278,3.746,-10.678,,-23.107
963.1,39.149,7.309,3.753,-11.039,,-23.101
963.77,39.149,7.307,3.754,-11.091,,-23.1
973.97,39.15,7.272,3.763,-12.047,,-23.088
981.82,39.152,7.245,3.758,-13.57,,-23.078
983.89,39.153,7.238,3.754,-13.915,,-23.075
986.66,39.153,7.243,3.746,-14.3,,-23.071
994.38,39.155,7.259,3.703,-15.244,,-23.061
995.78,39.156,7.262,3.692,-15.411,,-23.06
999.48,39.405,7.282,3.664,-15.859,,-23.055
1004.69,39.159,7.31,3.658,-16.503,,-23.048
1007.79,39.16,8.283,3.739,-16.904,,-23.044
1010.64,39.161,9.18,3.946,-17.294,,-23.04
1012.61,39.162,7.909,4.176,-17.584,,-23.037
1012.62,39.162,8.173,4.176,-17.584,,-23.037
1012.62,39.162,8.748,4.177,-17.585,,-23.037
1012.63,39.162,9.923,4.178,-17.586,,-23.037
1012.63,39.162,10.546,4.178,-17.586,,-23.037
1012.64,39.162,11.314,4.179,-17.587,,-23.037
1013.22,39.163,11.519,4.261,-17.679,,-23.037
1014.62,39.163,12.009,4.479,-17.917,,-23.035
1016.53,39.164,13.001,4.812,-18.31,,-23.032
1016.59,39.164,13.032,4.822,-18.324,,-23.032
1019.5,39.166,14.986,5.378,-19.163,,-23.028
1021.25,39.167,16.161,5.916,-19.507,,-23.026
1021.5,39.786,16.323,6.034,-19.544,,-23.026
1024.41,39.169,18.276,7.4,-19.877,,-23.022
1026.07,39.17,19.388,7.699,-20.006,,-23.02
1027.65,39.846,21.633,7.975,-20.103,,-23.018
1027.68,39.846,24.601,7.979,-20.104,,-23.018
1027.69,39.846,26.428,7.981,-20.105,,-23.018
1030.5,39.882,28.324,8.933,-20.229,,-23.015
1030.71,39.885,28.465,9.074,-20.236,,-23.014
1030.85,39.887,28.559,9.182,-20.241,,-23.014
1030.86,39.887,30.805,9.195,-20.242,,-23.014
1030.88,39.887,32.403,9.205,-20.242,,-23.014
1033,39.92,33.198,13.222,-20.303,,-23.012
1034.03,39.938,33.583,13.914,-20.327,,-23.01
1038.15,40.033,33.593,14.713,-20.384,,-23.005
1043.51,40.205,33.607,15.977,-20.378,,-22.999
1048.77,40.293,33.62,17.024,-20.245,,-22.993
1050.94,40.319,33.625,17.177,-20.115,,-22.991
1058.81,40.405,33.645,17.277,-18.973,,-22.982
1063.95,40.471,33.658,17.299,-19.093,,-22.977
1077.66,40.734,33.692,17.326,-19.429,,-22.964
1079.61,40.779,33.697,17.328,-19.319,,-22.963
1084.38,40.89,33.705,17.331,-18.606,,-22.959
1088.68,40.986,33.713,17.334,-18.173,,-22.955
1093.09,41.08,33.72,17.336,-18.306,,-22.952
1098.53,41.195,33.729,17.337,-18.842,,-22.948
1104.38,41.325,33.739,17.338,-19.924,,-22.945
1110.65,41.482,33.75,17.338,-23.006,,-22.941
1112.68,41.537,33.753,17.338,-23.475,,-22.94
1123.21,41.871,33.771,17.338,-25.213,,-22.935
1125.2,41.953,33.774,17.337,-26.001,,-22.934
1125.26,41.956,33.774,17.337,-26.036,,-22.934
1129.48,42.268,33.775,17.337,-27.459,,-22.932
1129.98,42.299,33.776,17.337,-27.539,,-22.932
1147.28,43.06,33.781,17.333,-28.811,,-22.926
1156.19,43.308,33.784,17.331,-28.98,,-22.924
1164.57,43.479,33.787,17.329,-28.948,,-22.922
1177.15,43.783,33.791,17.326,-28.665,,-22.921
1192.36,44.156,33.796,17.322,-28.029,,-22.92
1192.87,44.164,33.796,17.322,-28.001,,-22.92
1204.95,44.283,33.8,17.319,-26.354,,-22.921
1211.25,44.348,33.802,17.317,-24.147,,-22.922
1211.74,44.355,33.802,17.317,-24.131,,-22.922
1215.81,44.418,33.803,17.316,-24.073,,-22.922
1233.75,44.697,33.8,17.311,-24.307,,-22.926
1244.26,44.779,33.799,17.309,-24.451,,-22.93
1252.12,44.824,33.797,17.307,-23.499,,-22.933
1266.28,44.911,33.795,17.304,-22.319,,-22.939
1268.33,44.926,33.794,17.303,-21.939,,-22.941
1277.31,45.007,33.793,17.301,-19.275,,-22.946
1282.73,45.066,33.792,17.3,-18.228,,-22.95
1291.47,45.18,33.79,17.299,-17.029,,-22.957
1296.63,45.269,33.79,17.298,-16.306,,-22.962
1307.21,45.384,33.788,17.296,-15.012,,-22.973
1310.78,45.383,33.787,17.295,-14.66,,-22.977
1333.94,45.298,33.783,17.291,-12.767,,-23.008
1342.22,45.307,33.782,17.29,-12.186,,-23.02
1357.53,45.305,33.779,17.288,-11.358,,-23.04
1367.37,45.308,33.777,17.287,-11.061,,-23.051
1373.26,45.309,33.776,17.286,-10.711,,-23.056
1379.56,45.311,33.775,17.285,-9.075,,-23.061
1392.53,45.314,33.773,17.284,-8.259,,-23.07
1398.42,45.316,33.772,17.283,-8.313,,-23.072
1409.42,45.319,33.77,17.282,-9.493,,-23.076
1426.72,45.323,33.767,17.281,-7.97,,-23.08
1461.31,45.331,33.761,17.279,-7.323,,-23.081
1475.47,45.334,33.759,17.279,-6.029,,-23.081
1479.23,45.335,33.758,17.279,-5.844,,-23.08
1494.33,45.338,33.761,17.278,-5.8,,-23.079
1499.53,45.339,33.762,17.278,-5.991,,-23.078
1513.2,45.342,33.765,17.278,-6.333,,-23.077
1558.78,45.352,33.773,17.279,-6.294,,-23.07
1577.19,45.356,33.777,17.28,-6.051,,-23.068
1583.94,45.357,33.778,17.281,-5.799,,-23.067
1602.81,45.361,33.782,17.282,-5.114,,-23.064
1645.24,45.369,33.79,17.285,-5.647,,-23.061
1667.25,45.373,33.794,17.286,-6.484,,-23.06
1689.25,45.377,33.798,17.289,-7.244,,-23.059
1708.1,45.38,33.801,17.29,-8.843,,-23.06
1730.1,45.384,33.805,17.293,-9.68,,-23.062
1750.56,45.386,33.809,17.295,-10.335,,-23.064
1758.1,45.387,33.811,17.296,-10.369,,-23.066
1758.39,45.387,33.811,17.296,-10.364,,-23.066
1769.8,45.388,33.813,17.297,-9.787,,-23.068
1778.84,45.389,33.814,17.298,-9.298,,-23.07
1800.84,45.389,33.819,17.301,-9.983,,-23.075
1813.41,45.388,33.821,17.303,-10.782,,-23.078
1833.85,45.383,33.825,17.306,-10.325,,-23.083
1855.85,45.379,33.829,17.309,-11.353,,-23.088
1887.29,45.379,33.834,17.313,-10.629,,-23.093
1918.73,45.38,33.84,17.318,-10.895,,-23.094
1926.54,45.381,33.842,17.319,-10.937,,-23.094
1951.74,45.384,33.846,17.323,-10.895,,-23.092
1986.33,45.388,33.853,17.328,-11.123,,-23.086
2010.31,45.391,33.857,17.332,-11.306,,-23.081
2016.19,45.392,33.858,17.333,-11.427,,-23.08
2027.84,45.393,33.86,17.335,-12.381,,-23.078
2028.76,45.394,33.86,17.336,-12.569,,-23.078
2033.46,45.394,33.859,17.336,-14.319,,-23.077
2036.6,45.395,33.859,17.337,-15.194,,-23.076
2060.18,45.398,33.855,17.341,-14.89,,-23.072
2072.76,45.4,33.853,17.343,-13.862,,-23.069
2074.36,45.401,33.852,17.343,-10.97,,-23.069
2086.93,45.403,33.85,17.346,-10.893,,-23.067
2121.52,45.408,33.845,17.352,-10.703,,-23.063
2146.13,45.412,33.841,17.356,-10.419,,-23.061
2146.67,45.413,33.84,17.356,-10.398,,-23.061
2168.68,45.416,33.837,17.36,-9.903,,-23.061
2185.97,45.419,33.834,17.363,-11.539,,-23.062
2185.98,45.419,33.834,17.363,-9.37,,-23.062
2217.42,45.425,33.829,17.369,-9.56,,-23.065
2239.42,45.429,33.825,17.373,-9.674,,-23.068
2272.43,45.435,33.819,17.379,-9.521,,-23.073
2291.3,45.439,33.816,17.383,-9.635,,-23.077
2296.01,45.44,33.816,17.384,-10.206,,-23.077
2297.2,45.44,33.815,17.384,-10.489,,-23.078
2303.86,45.441,33.817,17.385,-11.119,,-23.079
2321.15,45.445,33.82,17.389,-11.652,,-23.082
2325.86,45.446,33.821,17.39,-13.174,,-23.082
2343.14,45.449,33.824,17.393,-14.696,,-23.085
2358.87,45.452,33.827,17.396,-12.983,,-23.087
2366.74,45.454,33.828,17.398,-11.385,,-23.088
2376.19,45.456,33.83,17.399,-8.645,,-23.089
2379.44,45.456,33.83,17.4,-8.639,,-23.089
2410.77,45.463,33.836,17.406,-9.9,,-23.091
2429.63,45.467,33.84,17.41,-9.101,,-23.091
2446.92,45.47,33.843,17.413,-10.471,,-23.091
2462.65,45.474,33.846,17.416,-8.682,,-23.091
2487.81,45.479,33.85,17.421,-8.377,,-23.09
2495.68,45.481,33.852,17.423,-7.083,,-23.089
2514.53,45.485,33.855,17.427,-7.996,,-23.088
2531.82,45.489,33.858,17.43,-8.643,,-23.088
2552.26,45.494,33.862,17.434,-8.148,,-23.087
2566.4,45.497,33.865,17.437,-8.985,,-23.086
2574.48,45.499,33.866,17.439,-8.688,,-23.086
2588.41,45.502,33.861,17.441,-8.186,,-23.086
2605.69,45.506,33.854,17.445,-9.67,,-23.086
2609.02,45.507,33.853,17.446,-9.985,,-23.086
2619.83,45.509,33.848,17.448,-11.154,,-23.087
2627.68,45.511,33.845,17.449,-13.285,,-23.087
2638.69,45.514,33.841,17.452,-11.801,,-23.088
2659.14,45.519,33.833,17.456,-9.707,,-23.089
2668.58,45.522,33.829,17.457,-8.261,,-23.09
2692.15,45.528,33.82,17.462,-9.288,,-23.092
2709.44,45.532,33.813,17.466,-9.897,,-23.094
2717.3,45.534,33.81,17.467,-10.696,,-23.096
2739.31,45.54,33.801,17.472,-10.201,,-23.099
2750.32,45.543,33.797,17.474,-9.326,,-23.1
2762.9,45.547,33.792,17.476,-8.793,,-23.102
2792.77,45.555,33.78,17.482,-8.755,,-23.107
2810.16,45.561,33.773,17.486,-8.694,,-23.11
2825.77,45.566,33.777,17.489,-8.754,,-23.112
2836.09,45.569,33.779,17.491,-9.182,,-23.114
2841.49,45.571,33.781,17.492,-9.629,,-23.115
2857.21,45.576,33.785,17.495,-10.2,,-23.117
2876.08,45.583,33.789,17.498,-9.21,,-23.12
2887.09,45.587,33.792,17.501,-8.639,,-23.122
2898.48,45.591,33.795,17.503,-9.7,,-23.124
2904.36,45.593,33.796,17.504,-10.352,,-23.124
2915.35,45.598,33.799,17.506,-12.064,,-23.126
2916.92,45.599,33.799,17.506,-13.434,,-23.126
2940.51,45.61,33.805,17.511,-11.341,,-23.129
2951.53,45.615,33.808,17.513,-10.161,,-23.131
2964.12,45.623,33.811,17.515,-8.296,,-23.133
2977.08,45.744,33.814,17.518,-9.071,,-23.134
2993.97,45.752,33.818,17.521,-10.084,,-23.136
3014.16,45.75,33.823,17.525,-8.737,,-23.139
3017.56,45.749,33.827,17.525,-8.486,,-23.139
3046.95,45.746,33.856,17.531,-8.225,,-23.142
3049,45.746,33.858,17.531,-8.219,,-23.142
3076.11,45.745,33.885,17.536,-7.976,,-23.142
3089.87,45.747,33.898,17.538,-8.104,,-23.139
3115.03,45.749,33.923,17.543,-8.104,,-23.114
3127.68,45.727,33.936,17.545,2.514,,-23.086
3135.67,45.672,33.943,17.546,20.895,,-23.06
3135.85,45.67,33.944,17.546,21.583,,-23.059
3137.38,45.653,33.945,17.547,39.771,,-23.053
3137.54,45.651,33.945,17.547,61.996,,-23.052
3139.08,45.633,33.947,17.547,57.353,,-23.046
3140.61,45.612,33.948,17.547,52.254,,-23.039
3140.71,45.611,33.948,17.547,66.563,,-23.038
3140.73,45.611,33.948,17.547,68.466,,-23.038
3142.24,45.589,33.95,17.548,59.713,,-23.031
3142.26,45.589,33.95,17.548,63.328,,-23.031
3143.84,45.564,33.952,17.548,65.079,,-23.023
3153.3,45.374,33.961,17.55,69.265,,-22.964
3162.56,45.061,33.97,17.551,69.813,,-22.884
3165.88,44.822,33.973,17.552,69.76,,-22.848
3166.73,44.718,33.974,17.552,69.752,,-22.839
3170.42,44.186,33.978,17.552,69.732,,-22.792
3186.13,43.197,33.993,17.555,69.79,,-22.524
3197.13,42.093,34.004,17.557,69.909,,-22.265
3197.33,42.071,34.004,17.557,69.912,,-22.26
3206.55,41.218,34.014,17.558,69.935,,-22.001
3210.24,40.864,34.017,17.559,69.922,,-21.889
3213.05,40.594,34.017,17.56,69.913,,-21.803
3226.63,39.359,34.013,17.562,69.875,,-21.388
3230.12,39.125,34.012,17.562,69.866,,-21.288
3230.12,39.848,34.012,17.562,69.866,,-21.288
3247.4,37.908,34.008,17.565,69.829,,-20.831
3266.26,36.88,34.003,17.568,69.796,,-20.365
3283.54,35.739,33.999,17.571,69.775,,-19.937
3299.01,34.976,33.995,17.573,69.763,,-19.545
3308.68,34.521,33.993,17.575,69.761,,-19.294
3316.79,34.095,33.991,17.576,69.762,,-19.08
3333.82,33.114,33.987,17.578,69.774,,-18.626
3363.68,31.668,33.98,17.582,69.824,,-17.813
3399.74,30.649,33.971,17.587,69.902,,-16.806
3402.97,30.564,33.97,17.588,69.909,,-16.714
3413.82,30.273,33.967,17.589,69.929,,-16.402
3429.98,29.837,33.963,17.591,69.953,,-15.928
3448.55,29.385,33.959,17.593,69.972,,-15.368
3486.2,28.703,33.95,17.597,69.987,,-14.257
3495.71,28.548,33.947,17.598,69.988,,-13.993
3539.72,27.864,33.936,17.603,69.977,,-12.824
3576.17,27.467,33.927,17.606,69.955,,-11.875
3577.44,27.446,33.927,17.606,69.954,,-11.842
3581.04,27.379,33.926,17.606,69.951,,-11.749
3584.56,27.305,33.925,17.606,69.948,,-11.657
3605.73,26.761,33.932,17.608,69.931,,-11.102
3626.16,26.457,33.938,17.609,69.912,,-10.562
3667.05,25.772,33.949,17.612,69.871,,-9.461
3678.38,25.606,33.953,17.612,69.86,,-9.15
3695.34,25.354,33.958,17.613,69.845,,-8.679
3698.8,25.295,33.959,17.613,69.842,,-8.583
3737.76,24.517,33.97,17.614,69.83,,-7.506
3758.24,24.073,33.976,17.615,69.863,,-6.974
3759.76,24.061,33.976,17.615,69.87,,-6.937
3761.69,24.047,33.977,17.615,69.881,,-6.891
3775.81,23.976,33.981,17.615,69.957,,-6.573
3810.07,23.795,33.991,17.615,69.776,,-5.917
3816.68,23.736,33.993,17.615,69.919,,-5.793
3818.14,23.721,33.993,17.615,69.996,,-5.765
3819.83,23.704,33.994,17.615,69.615,,-5.733
3830.75,23.583,33.997,17.615,62.232,,-5.523
3830.77,23.582,33.997,17.615,65.239,,-5.523
3832.4,23.565,33.998,17.615,68.664,,-5.492
3843.29,23.473,34.001,17.615,56.98,,-5.284
3843.31,23.473,34.001,17.615,60.063,,-5.283
3844.85,23.466,34.001,17.615,51.881,,-5.254
3850.94,23.453,34.003,17.615,47.639,,-5.14
3852.65,23.454,34.003,17.615,46.477,,-5.108
3854.2,23.457,34.004,17.615,39.969,,-5.079
3863.57,23.505,34.007,17.614,31.331,,-4.908
3871.38,23.577,34.009,17.614,27.715,,-4.77
3880.74,23.696,34.012,17.614,17.669,,-4.611
3893.36,23.91,34.015,17.613,8.772,,-4.409
3894.84,23.94,34.016,17.613,7.66,,-4.387
3913.6,24.463,34.021,17.613,-7.372,,-4.126
3917.97,24.626,34.022,17.612,-10.072,,-4.073
3920.12,24.71,34.023,17.612,-11.286,,-4.048
3927.22,24.995,34.025,17.612,-14.998,,-3.971
3932.39,25.213,34.024,17.612,-17.799,,-3.921
3937.05,25.42,34.024,17.611,-22.366,,-3.88
3943.68,25.737,34.023,17.611,-25.288,,-3.828
3946.45,25.881,34.023,17.611,-27.009,,-3.809
3951.15,26.141,34.022,17.61,-32.222,,-3.779
3965.7,26.993,34.02,17.609,-33.424,,-3.706
3973.15,27.418,34.019,17.609,-33.63,,-3.679
3992.01,28.444,34.016,17.607,-34.81,,-3.632
3995.61,28.63,34.016,17.607,-35.168,,-3.626
4004.58,29.076,34.015,17.606,-36.065,,-3.614
4019.17,29.81,34.013,17.605,-37.147,,-3.6
4026.57,30.22,34.011,17.604,-37.398,,-3.595
4037.75,30.836,34.01,17.603,-36.839,,-3.588
4040.7,30.992,34.01,17.603,-36.484,,-3.587
4049.08,31.409,34.008,17.602,-35.933,,-3.582
4054.88,31.676,34.008,17.601,-35.722,,-3.58
4086.82,33.084,34.003,17.597,-34.562,,-3.568
4092.62,33.377,34.002,17.597,-34.314,,-3.567
4102.06,33.892,34.001,17.595,-33.362,,-3.565
4116.2,34.659,33.999,17.594,-32.144,,-3.562
4116.67,34.682,33.999,17.593,-32.126,,-3.562
4144.5,35.82,33.995,17.589,-31.345,,-3.56
4151.27,36.053,33.994,17.588,-30.947,,-3.56
4164.97,36.501,33.992,17.586,-29.518,,-3.561
4183.85,37.092,33.99,17.583,-27.273,,-3.564
4198.44,37.538,33.988,17.581,-26.047,,-3.568
4202.73,37.668,33.987,17.58,-25.75,,-3.569
4227.84,38.425,33.984,17.575,-24.342,,-3.579
4242.37,38.854,33.982,17.573,-24.016,,-3.586
4250.02,39.076,33.981,17.571,-23.949,,-3.59
4253.45,39.175,33.98,17.571,-23.929,,-3.592
4254.6,39.207,33.979,17.57,-23.923,,-3.593
4278.16,39.817,33.971,17.566,-23.428,,-3.609
4292.34,40.091,33.966,17.563,-21.487,,-3.621
4308.51,40.317,33.961,17.56,-20.227,,-3.635
4325.35,40.484,33.955,17.556,-19.089,,-3.651
4345.83,40.63,33.948,17.552,-17.034,,-3.673
4367.85,40.741,33.94,17.547,-14.331,,-3.698
4391.81,40.813,33.932,17.542,-12.427,,-3.727
4394.57,40.818,33.931,17.542,-12.124,,-3.73
4411.9,40.833,33.925,17.538,-9.916,,-3.752
4454.34,40.797,33.911,17.53,-8.279,,-3.808
4462.24,40.788,33.908,17.528,-6.377,,-3.819
4466.95,40.784,33.906,17.527,-6.103,,-3.825
4476.7,40.775,33.903,17.525,-5.774,,-3.838
4489.11,40.768,33.899,17.523,-5.488,,-3.855
4504.67,40.763,33.893,17.52,-5.196,,-3.876
4537.71,40.761,33.882,17.515,-4.435,,-3.92
4554.98,40.763,33.876,17.512,-3.445,,-3.942
4573.86,40.767,33.87,17.509,-2.265,,-3.965
4607.2,40.777,33.858,17.504,-1.701,,-4.002
4608.45,40.777,33.858,17.504,-1.694,,-4.003
4649.32,40.792,33.844,17.498,-1.732,,-4.041
4656.06,40.795,33.841,17.498,-1.77,,-4.046
4686.54,40.806,33.845,17.494,-1.862,,-4.064
4691.74,40.808,33.846,17.493,-1.845,,-4.067
4723.49,40.816,33.85,17.489,-1.628,,-4.077
4742.05,40.819,33.853,17.487,-1.616,,-4.079
4786.06,40.818,33.858,17.481,-2.605,,-4.079
4826.93,40.817,33.864,17.476,-3.442,,-4.073
4836.68,40.818,33.865,17.475,-3.163,,-4.071
4859.98,40.818,33.868,17.472,-2.186,,-4.067
4901.14,40.82,33.873,17.467,-1.482,,-4.062
4927.56,40.821,33.877,17.463,-1.386,,-4.061
4965.28,40.822,33.882,17.457,-2.718,,-4.065
5018.72,40.822,33.889,17.448,-4.315,,-4.074
5047.34,40.82,33.892,17.442,-3.725,,-4.08
5058.12,40.819,33.894,17.44,-3.493,,-4.082
5062.74,40.818,33.893,17.439,-3.439,,-4.083
5105.75,40.811,33.882,17.428,-3.576,,-4.09
5127.17,40.808,33.876,17.422,-3.629,,-4.092
5166.5,40.808,33.866,17.409,-2.868,,-4.091
5185.71,40.813,33.862,17.401,-2.951,,-4.09
5202.95,40.822,33.857,17.394,-3.109,,-4.088
5224.64,40.838,33.852,17.383,-3.171,,-4.083
5237.23,40.849,33.849,17.376,-1.991,,-4.08
5279.69,40.894,33.838,17.351,-2.714,,-4.067
5305.38,40.923,33.832,17.333,-3.412,,-4.057
5311.13,40.929,33.83,17.329,-3.437,,-4.055
5358.61,40.976,33.818,17.295,-3.021,,-4.033
5367.73,40.983,33.816,17.288,-2.941,,-4.029
5422.54,41.017,33.802,17.26,-2.771,,-4.006
5439.99,41.025,33.804,17.257,-2.826,,-4
5496.68,41.043,33.812,17.285,-3.17,,-3.991
5507.61,41.045,33.814,17.297,-3.168,,-3.992
5526.22,41.049,33.816,17.323,-2.998,,-3.994
5559.47,41.053,33.821,17.379,-2.711,,-4.007
5566.07,41.054,33.822,17.391,-2.73,,-4.01
5633.38,41.058,33.831,17.513,-3.243,,-4.054
5700.96,41.063,33.841,17.592,-2.938,,-4.084
5714.62,41.065,33.842,17.595,-2.944,,-4.083
5743.27,41.07,33.846,17.575,-3.085,,-4.07
5759.15,41.073,33.849,17.543,-3.127,,-4.058
5798.84,41.088,33.854,17.404,-2.973,,-4.018
5809.77,41.095,33.858,17.358,-2.919,,-4.007
5828.27,41.109,33.866,17.288,-2.86,,-3.989
5878.07,41.18,33.885,17.342,-2.925,,-3.96
5890.8,41.207,33.89,17.457,-2.969,,-3.959
5913.16,41.255,33.899,17.751,-3.05,,-3.965
5923.61,41.276,33.903,17.9,-3.085,,-3.97
5929.2,41.286,33.903,17.976,-3.103,,-3.974
5983.93,41.356,33.904,17.991,-3.239,,-4.038
6005.94,41.369,33.904,16.604,-3.163,,-4.08
6007.67,41.369,33.904,16.355,-3.144,,-4.084
6014.04,41.37,33.904,14.856,-3.075,,-4.099
6018.73,41.37,27.739,11.902,-3.019,,-4.11
6020.23,41.37,20.927,9.332,-2.999,,-4.114
6021.91,41.369,31.963,6.468,-2.976,,-4.119
6031.33,41.366,4.191,2.379,-2.814,,-4.145
6032.66,41.365,0.263,2.147,-2.784,,-4.149
6034.24,41.364,0.264,1.911,-2.744,,-4.153
6045.22,41.352,0.27,0.877,-1.678,,-4.189
6045.24,41.352,0.27,0.876,0.187,,-4.189
6051.54,41.341,0.273,0.543,1.709,,-4.211
6051.56,41.341,0.273,0.542,5.705,,-4.211
6054.73,41.334,0.275,0.416,9.054,,-4.223
6056.29,41.331,0.276,0.362,2.927,,-4.229
6056.48,41.33,0.276,0.356,2.94,,-4.23
6058.11,41.326,0.277,0.305,3.259,,-4.237
6075.21,41.243,0.287,0.005,11.261,,-4.313
6081.52,41.183,0.29,-0.031,14.458,,-4.344
6084.68,41.139,0.292,-0.039,16.78,,-4.361
6094.15,40.868,0.297,-0.028,21.347,,-4.413
6095.83,40.793,0.298,-0.022,22.063,,-4.423
6106.78,40.431,0.304,0.042,28.463,,-4.489
6108.38,40.384,0.305,0.054,36.151,,-4.499
6116.29,40.147,0.31,0.119,39.737,,-4.549
6130.45,39.657,0.318,0.25,44.942,,-4.643
6133.63,39.545,0.319,0.279,49.509,,-4.664
6138.29,39.386,0.322,0.319,51.857,,-4.695
6141.26,39.29,0.324,0.342,52.981,,-4.715
6146.24,39.139,0.326,0.378,54.837,,-4.747
6157.31,38.826,0.333,0.439,60.165,,-4.815
6161.85,38.701,0.335,0.457,63.374,,-4.84
6163.63,38.652,0.336,0.463,65.112,,-4.85
6165.2,38.608,0.337,0.468,68.499,,-4.858
6165.21,38.608,0.337,0.468,69.07,,-4.858
6166.79,38.563,0.338,0.473,67.548,,-4.866
6171,38.44,0.34,0.482,68.968,,-4.887
6172.51,38.395,0.339,0.485,69.602,,-4.893
6173.1,38.377,0.339,0.486,69.831,,-4.896
6177.79,38.225,0.335,0.491,69.831,,-4.915
6186.99,37.864,0.328,0.492,69.846,,-4.947
6191.96,37.611,0.324,0.488,69.946,,-4.96
6201.4,37.063,0.316,0.471,69.984,,-4.978
6205.85,36.837,0.312,0.461,69.925,,-4.984
6213.92,36.541,0.306,0.437,69.87,,-4.989
6220.21,36.305,0.301,0.417,69.413,,-4.989
6224.71,36.076,0.297,0.401,68.364,,-4.987
6229.63,35.739,0.293,0.383,67.701,,-4.983
6229.64,35.738,0.293,0.383,68.957,,-4.983
6234.34,35.354,0.289,0.366,63.667,,-4.977
6234.35,35.353,0.289,0.366,65.379,,-4.977
6243.56,34.554,0.282,0.333,57.844,,-4.96
6245.27,34.417,0.281,0.327,56.779,,-4.956
6245.3,34.415,0.281,0.327,60.47,,-4.956
6251.55,33.986,0.276,0.306,55.18,,-4.941
6254.71,33.809,0.273,0.297,57.768,,-4.932
6256.26,33.73,0.272,0.292,50.994,,-4.927
6259.39,33.583,0.269,0.283,48.597,,-4.918
6259.41,33.582,0.269,0.283,52.555,,-4.918
6260.92,33.515,0.268,0.279,46.428,,-4.913
6262.42,33.45,0.267,0.276,43.717,,-4.908
6262.49,33.447,0.267,0.275,43.687,,-4.908
6264.03,33.383,0.265,0.272,43.093,,-4.902
6270.31,33.131,0.26,0.258,40.491,,-4.88
6271.89,33.069,0.259,0.255,38.778,,-4.874
6274.82,32.956,0.257,0.25,38.084,,-4.862
6278.17,32.827,0.254,0.245,37.218,,-4.848
6279.7,32.768,0.253,0.243,35.125,,-4.842
6281.28,32.707,0.252,0.241,32.956,,-4.835
6285.95,32.524,0.248,0.236,29.911,,-4.815
6292.26,32.271,0.243,0.23,28.256,,-4.786
6300.1,31.935,0.236,0.226,26.372,,-4.749
6307.91,31.586,0.23,0.224,23.214,,-4.711
6315.77,31.247,0.224,0.224,19.446,,-4.672
6315.86,31.244,0.224,0.224,19.395,,-4.672
6322.04,31.046,0.219,0.225,16.097,,-4.642
6337.73,30.886,0.206,0.231,12.368,,-4.567
6344.15,30.863,0.201,0.235,10.57,,-4.537
6351.83,30.844,0.195,0.24,8.791,,-4.503
6376.96,30.809,0.175,0.257,5.328,,-4.401
6398.95,30.794,0.157,0.273,2.626,,-4.327
6413.32,30.789,0.145,0.284,1.749,,-4.287
6416.26,30.789,0.143,0.286,1.523,,-4.279
6421.16,30.788,0.139,0.289,1.059,,-4.267
6436.65,30.79,0.127,0.298,-0.989,,-4.234
6441.38,30.792,0.123,0.301,-2.511,,-4.224
6449.24,30.796,0.116,0.305,-3.475,,-4.21
6450.83,30.798,0.115,0.306,-3.65,,-4.207
6463.37,30.812,0.118,0.312,-4.984,,-4.187
6474.34,30.831,0.121,0.317,-6.773,,-4.171
6485.35,30.859,0.123,0.321,-9.475,,-4.156
6487.18,30.865,0.124,0.322,-9.723,,-4.154
6512.03,30.965,0.13,0.33,-11.948,,-4.126
6538.78,31.125,0.136,0.336,-12.747,,-4.101
6550.07,31.208,0.139,0.338,-12.61,,-4.091
6574.91,31.408,0.145,0.342,-11.871,,-4.071
6576.52,31.421,0.145,0.342,-11.148,,-4.069
6607.96,31.642,0.153,0.344,-11.149,,-4.043
6620.49,31.707,0.156,0.344,-11.186,,-4.031
6628.68,31.742,0.158,0.343,-11.201,,-4.023
6645.64,31.794,0.162,0.343,-11.071,,-4.005
6677.09,31.845,0.169,0.339,-10.424,,-3.973
6692.81,31.859,0.173,0.336,-9.32,,-3.96
6707,31.871,0.176,0.333,-7.874,,-3.951
6727.41,31.889,0.181,0.328,-7.455,,-3.944
6732.44,31.895,0.183,0.327,-7.348,,-3.944
6757.68,31.933,0.189,0.318,-6.547,,-3.951
6758.86,31.935,0.189,0.318,-6.503,,-3.951
6779.37,31.977,0.194,0.309,-5.771,,-3.966
6784.06,31.988,0.195,0.307,-5.629,,-3.97
6798.2,32.023,0.195,0.3,-5.323,,-3.984
6833.05,32.125,0.195,0.28,-5.319,,-4.026
6837.47,32.139,0.196,0.277,-5.323,,-4.032
6873.66,32.263,0.196,0.252,-4.751,,-4.081
6903.51,32.342,0.196,0.23,-3.609,,-4.12
6910.06,32.354,0.196,0.225,-3.456,,-4.128
6938.59,32.391,0.197,0.204,-3.183,,-4.16
6945.99,32.398,0.197,0.199,-3.152,,-4.167
7013.56,32.429,0.197,0.163,-2.999,,-4.207
7024.8,32.431,0.198,0.16,-3,,-4.21
7032.45,32.433,0.198,0.16,-3.001,,-4.211
7038.74,32.434,0.203,0.16,-2.997,,-4.212
7057.58,32.436,0.221,0.164,-2.885,,-4.215
7083.32,32.441,0.245,0.18,-2.46,,-4.219
7092.17,32.442,0.253,0.189,-2.39,,-4.221
7107.89,32.446,0.267,0.208,-3.074,,-4.226
7142.47,32.463,0.299,0.267,-3.378,,-4.244
7150.56,32.471,0.307,0.283,-3.403,,-4.249
7183.34,32.551,0.337,0.359,-3.492,,-4.272
7191.87,32.613,0.345,0.38,-3.494,,-4.278
7193.03,32.623,0.346,0.383,-3.492,,-4.279
7195.95,32.648,0.349,0.39,-3.482,,-4.281
7199.09,32.673,0.352,0.398,-3.465,,-4.283
7200.61,32.683,0.353,0.401,-3.454,,-4.285
